person_id,platform,acct_id,username,email,identity_type,display_name
ID-0000,active_directory,acct-act-ID-0000-e0b6be,ryan.hudson,qirwin@example.com,human,Ryan Hudson
ID-0000,salesforce,acct-sal-ID-0000-b70a39,ryan.hudson,qirwin@example.com,human,Ryan Hudson
ID-0000,github,acct-git-ID-0000-42fa94,ryanh65,qirwin@example.com,human,Ryan Hudson
ID-0001,aws_iam,acct-aws-ID-0001-cf8654,dkennedy,bsloan@example.net,human,David Kennedy
ID-0001,github,acct-git-ID-0001-4e1cfc,davidk36,bsloan@example.net,human,David Kennedy
ID-0002,active_directory,acct-act-ID-0002-8a55b5,anthony.welch,zhumphrey@example.org,human,Anthony Welch
ID-0002,salesforce,acct-sal-ID-0002-ae2baf,anthony.welch,zhumphrey@example.org,human,Anthony Welch
ID-0002,okta,acct-okt-ID-0002-e48175,anthony.welch,zhumphrey@example.org,human,Anthony Welch
ID-0002,aws_iam,acct-aws-ID-0002-c96463,awelch,zhumphrey@example.org,human,Anthony Welch
ID-0003,github,acct-git-ID-0003-f8dace,brandonn17,ronaldoneal@example.org,human,Brandon Nelson
ID-0003,okta,acct-okt-ID-0003-f26afb,brandon.nelson,ronaldoneal@example.org,human,Brandon Nelson
ID-0003,active_directory,acct-act-ID-0003-24aa73,brandon.nelson,ronaldoneal@example.org,human,Brandon Nelson
ID-0003,aws_iam,acct-aws-ID-0003-ddfec5,bnelson,ronaldoneal@example.org,human,Brandon Nelson
ID-0004,okta,acct-okt-ID-0004-3bbfa0,caitlin.williams,kevin42@example.net,human,Caitlin Williams
ID-0004,github,acct-git-ID-0004-d4490e,caitlinw58,kevin42@example.net,human,Caitlin Williams
ID-0005,github,acct-git-ID-0005-cf10e2,angelicah59,vhill@example.com,human,Angelica Hickman
ID-0005,active_directory,acct-act-ID-0005-ec5c17,angelica.hickman,vhill@example.com,human,Angelica Hickman
ID-0005,okta,acct-okt-ID-0005-6f3013,angelica.hickman,vhill@example.com,human,Angelica Hickman
ID-0006,okta,acct-okt-ID-0006-24bb72,kristin.martinez,fred06@example.org,human,Kristin Martinez
ID-0006,salesforce,acct-sal-ID-0006-6a66e8,kristin.martinez,fred06@example.org,human,Kristin Martinez
ID-0007,salesforce,acct-sal-ID-0007-92d92b,monica.taylor,renee99@example.com,human,Monica Taylor
ID-0007,active_directory,acct-act-ID-0007-9dc2b5,monica.taylor,renee99@example.com,human,Monica Taylor
ID-0008,okta,acct-okt-ID-0008-21144c,david.smith,ltate@example.org,human,David Smith
ID-0008,active_directory,acct-act-ID-0008-781fdb,david.smith,ltate@example.org,human,David Smith
ID-0008,github,acct-git-ID-0008-d0b119,davids23,ltate@example.org,human,David Smith
ID-0008,aws_iam,acct-aws-ID-0008-9d19f4,dsmith,ltate@example.org,human,David Smith
ID-0009,salesforce,acct-sal-ID-0009-eb2927,kenneth.mcguire,jasonreid@example.net,human,Kenneth Mcguire
ID-0009,active_directory,acct-act-ID-0009-31631d,kenneth.mcguire,jasonreid@example.net,human,Kenneth Mcguire
ID-0009,github,acct-git-ID-0009-7c11f0,kennethm54,jasonreid@example.net,human,Kenneth Mcguire
ID-0010,salesforce,acct-sal-ID-0010-a54db0,amber.cohen,victor76@example.com,human,Amber Cohen
ID-0010,aws_iam,acct-aws-ID-0010-1b8a01,acohen,victor76@example.com,human,Amber Cohen
ID-0011,github,acct-git-ID-0011-a49a9e,markd98,nathan39@example.com,human,Mark Davis
ID-0011,salesforce,acct-sal-ID-0011-87c2f9,mark.davis,nathan39@example.com,human,Mark Davis
ID-0011,active_directory,acct-act-ID-0011-8a1b4e,mark.davis,nathan39@example.com,human,Mark Davis
ID-0011,okta,acct-okt-ID-0011-c1cdfe,mark.davis,nathan39@example.com,human,Mark Davis
ID-0012,github,acct-git-ID-0012-85b5b4,mariam98,amandaedwards@example.com,human,Maria Montes
ID-0012,aws_iam,acct-aws-ID-0012-6e5a3d,mmontes,amandaedwards@example.com,human,Maria Montes
ID-0012,okta,acct-okt-ID-0012-cbf51a,maria.montes,amandaedwards@example.com,human,Maria Montes
ID-0013,active_directory,acct-act-ID-0013-6eb962,gabriel.poole,mason53@example.org,human,Gabriel Poole
ID-0013,salesforce,acct-sal-ID-0013-d65c0e,gabriel.poole,mason53@example.org,human,Gabriel Poole
ID-0013,aws_iam,acct-aws-ID-0013-98ab8a,gpoole,mason53@example.org,human,Gabriel Poole
ID-0013,github,acct-git-ID-0013-6b8fbd,gabrielp53,mason53@example.org,human,Gabriel Poole
ID-0014,github,acct-git-ID-0014-6fa357,dominiquep17,smithjohn@example.org,human,Dominique Potts
ID-0014,okta,acct-okt-ID-0014-9cdff7,dominique.potts,smithjohn@example.org,human,Dominique Potts
ID-0014,aws_iam,acct-aws-ID-0014-00877e,dpotts,smithjohn@example.org,human,Dominique Potts
ID-0014,salesforce,acct-sal-ID-0014-c5ac4a,dominique.potts,smithjohn@example.org,human,Dominique Potts
ID-0015,aws_iam,acct-aws-ID-0015-fa73b2,sbowman,noblekimberly@example.org,human,Sandra Bowman
ID-0015,github,acct-git-ID-0015-eb2fb2,sandrab91,noblekimberly@example.org,human,Sandra Bowman
ID-0015,active_directory,acct-act-ID-0015-40f630,sandra.bowman,noblekimberly@example.org,human,Sandra Bowman
ID-0015,salesforce,acct-sal-ID-0015-08d295,sandra.bowman,noblekimberly@example.org,human,Sandra Bowman
ID-0016,active_directory,acct-act-ID-0016-27f062,amanda.gardner,bsimpson@example.com,human,Amanda Gardner
ID-0016,github,acct-git-ID-0016-b959aa,amandag82,bsimpson@example.com,human,Amanda Gardner
ID-0016,salesforce,acct-sal-ID-0016-dd66a8,amanda.gardner,bsimpson@example.com,human,Amanda Gardner
ID-0017,salesforce,acct-sal-ID-0017-1b04e9,emily.spencer,christinapeters@example.net,human,Emily Spencer
ID-0017,github,acct-git-ID-0017-bd1b46,emilys18,christinapeters@example.net,human,Emily Spencer
ID-0018,okta,acct-okt-ID-0018-63431b,erin.reed,henrybarnett@example.org,human,Erin Reed
ID-0018,salesforce,acct-sal-ID-0018-13397e,erin.reed,henrybarnett@example.org,human,Erin Reed
ID-0019,active_directory,acct-act-ID-0019-771989,tracy.mendez,craig18@example.com,human,Tracy Mendez
ID-0019,okta,acct-okt-ID-0019-2b34df,tracy.mendez,craig18@example.com,human,Tracy Mendez
ID-0019,github,acct-git-ID-0019-fc9605,tracym13,craig18@example.com,human,Tracy Mendez
ID-0019,aws_iam,acct-aws-ID-0019-b9c3da,tmendez,craig18@example.com,human,Tracy Mendez
ID-0020,aws_iam,acct-aws-ID-0020-888efe,awalsh,vjones@example.org,human,Allison Walsh
ID-0020,active_directory,acct-act-ID-0020-8d30cd,allison.walsh,vjones@example.org,human,Allison Walsh
ID-0020,okta,acct-okt-ID-0020-e9b3c1,allison.walsh,vjones@example.org,human,Allison Walsh
ID-0020,github,acct-git-ID-0020-fe382b,allisonw92,vjones@example.org,human,Allison Walsh
ID-0021,okta,acct-okt-ID-0021-4b5ec1,shawn.adams,kyle14@example.com,human,Shawn Adams
ID-0021,salesforce,acct-sal-ID-0021-f34815,shawn.adams,kyle14@example.com,human,Shawn Adams
ID-0021,github,acct-git-ID-0021-0d1d46,shawna82,kyle14@example.com,human,Shawn Adams
ID-0022,active_directory,acct-act-ID-0022-18b0be,kelsey.evans,kathyfowler@example.com,human,Kelsey Evans
ID-0022,aws_iam,acct-aws-ID-0022-c60cce,kevans,kathyfowler@example.com,human,Kelsey Evans
ID-0023,salesforce,acct-sal-ID-0023-0d2b22,beverly.park,daniel71@example.com,human,Beverly Park
ID-0023,aws_iam,acct-aws-ID-0023-06ab10,bpark,daniel71@example.com,human,Beverly Park
ID-0023,active_directory,acct-act-ID-0023-3347fc,beverly.park,daniel71@example.com,human,Beverly Park
ID-0023,okta,acct-okt-ID-0023-f2bea4,beverly.park,daniel71@example.com,human,Beverly Park
ID-0024,okta,acct-okt-ID-0024-f4e7b6,james.cook,sgonzalez@example.net,human,James Cook
ID-0024,github,acct-git-ID-0024-50e4c4,jamesc48,sgonzalez@example.net,human,James Cook
ID-0024,salesforce,acct-sal-ID-0024-601670,james.cook,sgonzalez@example.net,human,James Cook
ID-0025,salesforce,acct-sal-ID-0025-af7f5b,james.moreno,bdixon@example.org,human,James Moreno
ID-0025,github,acct-git-ID-0025-1654d0,jamesm27,bdixon@example.org,human,James Moreno
ID-0025,aws_iam,acct-aws-ID-0025-25ff0a,jmoreno,bdixon@example.org,human,James Moreno
ID-0025,active_directory,acct-act-ID-0025-db2e3c,james.moreno,bdixon@example.org,human,James Moreno
ID-0026,github,acct-git-ID-0026-9b3d64,haleya66,ymiller@example.org,human,Haley Allen
ID-0026,salesforce,acct-sal-ID-0026-c77c4d,haley.allen,ymiller@example.org,human,Haley Allen
ID-0026,okta,acct-okt-ID-0026-082354,haley.allen,ymiller@example.org,human,Haley Allen
ID-0026,aws_iam,acct-aws-ID-0026-8a432b,hallen,ymiller@example.org,human,Haley Allen
ID-0027,active_directory,acct-act-ID-0027-b1a43a,william.preston,ronaldjohnson@example.com,human,William Preston
ID-0027,github,acct-git-ID-0027-4cca73,williamp72,ronaldjohnson@example.com,human,William Preston
ID-0027,salesforce,acct-sal-ID-0027-d37041,william.preston,ronaldjohnson@example.com,human,William Preston
ID-0028,okta,acct-okt-ID-0028-8c4caa,thomas.smith,gomezgrant@example.net,human,Thomas Smith
ID-0028,salesforce,acct-sal-ID-0028-07bdc3,thomas.smith,gomezgrant@example.net,human,Thomas Smith
ID-0028,github,acct-git-ID-0028-529b83,thomass51,gomezgrant@example.net,human,Thomas Smith
ID-0029,aws_iam,acct-aws-ID-0029-b8f0d4,lmartinez,rwhite@example.org,human,Lawrence Martinez
ID-0029,github,acct-git-ID-0029-2c2d17,lawrencem74,rwhite@example.org,human,Lawrence Martinez
ID-0029,okta,acct-okt-ID-0029-16728e,lawrence.martinez,rwhite@example.org,human,Lawrence Martinez
ID-0029,salesforce,acct-sal-ID-0029-3c7143,lawrence.martinez,rwhite@example.org,human,Lawrence Martinez
ID-0030,github,acct-git-ID-0030-09e548,jeremyb98,ricky35@example.net,human,Jeremy Burnett
ID-0030,active_directory,acct-act-ID-0030-d11245,jeremy.burnett,ricky35@example.net,human,Jeremy Burnett
ID-0031,github,acct-git-ID-0031-15e218,michaelj60,garciaanne@example.org,human,Michael Jennings
ID-0031,okta,acct-okt-ID-0031-85cd76,michael.jennings,garciaanne@example.org,human,Michael Jennings
ID-0032,salesforce,acct-sal-ID-0032-86ecc0,christopher.mendoza,kellybooth@example.com,human,Christopher Mendoza
ID-0032,active_directory,acct-act-ID-0032-79683e,christopher.mendoza,kellybooth@example.com,human,Christopher Mendoza
ID-0033,aws_iam,acct-aws-ID-0033-3c5ea6,bbrown,lmahoney@example.com,human,Brianna Brown
ID-0033,github,acct-git-ID-0033-c47794,briannab55,lmahoney@example.com,human,Brianna Brown
ID-0034,github,acct-git-ID-0034-5760d3,cassandras35,jeffrey62@example.net,human,Cassandra Scott
ID-0034,active_directory,acct-act-ID-0034-0653ea,cassandra.scott,jeffrey62@example.net,human,Cassandra Scott
ID-0034,okta,acct-okt-ID-0034-fce8c6,cassandra.scott,jeffrey62@example.net,human,Cassandra Scott
ID-0035,aws_iam,acct-aws-ID-0035-c07f77,tpeterson,bsoto@example.com,human,Teresa Peterson
ID-0035,active_directory,acct-act-ID-0035-52c66b,teresa.peterson,bsoto@example.com,human,Teresa Peterson
ID-0036,active_directory,acct-act-ID-0036-4c5a69,caitlin.peterson,norrisdaniel@example.net,human,Caitlin Peterson
ID-0036,salesforce,acct-sal-ID-0036-ea906f,caitlin.peterson,norrisdaniel@example.net,human,Caitlin Peterson
ID-0037,github,acct-git-ID-0037-80ee4b,marissas59,barbaraschmidt@example.org,human,Marissa Sutton
ID-0037,salesforce,acct-sal-ID-0037-f10fe9,marissa.sutton,barbaraschmidt@example.org,human,Marissa Sutton
ID-0037,okta,acct-okt-ID-0037-d5cb86,marissa.sutton,barbaraschmidt@example.org,human,Marissa Sutton
ID-0037,active_directory,acct-act-ID-0037-345e8c,marissa.sutton,barbaraschmidt@example.org,human,Marissa Sutton
ID-0038,salesforce,acct-sal-ID-0038-f2860d,robert.boyd,frank18@example.net,human,Robert Boyd
ID-0038,okta,acct-okt-ID-0038-b7b55f,robert.boyd,frank18@example.net,human,Robert Boyd
ID-0039,aws_iam,acct-aws-ID-0039-c2baad,jrobertson,george46@example.com,human,Jill Robertson
ID-0039,salesforce,acct-sal-ID-0039-07f41e,jill.robertson,george46@example.com,human,Jill Robertson
ID-0039,okta,acct-okt-ID-0039-94661c,jill.robertson,george46@example.com,human,Jill Robertson
ID-0039,active_directory,acct-act-ID-0039-cfbcd8,jill.robertson,george46@example.com,human,Jill Robertson
ID-0040,active_directory,acct-act-ID-0040-65dde8,nathan.jackson,christine97@example.net,human,Nathan Jackson
ID-0040,aws_iam,acct-aws-ID-0040-3b8214,njackson,christine97@example.net,human,Nathan Jackson
ID-0041,github,acct-git-ID-0041-32ccb9,jenniferb46,madison75@example.net,human,Jennifer Bailey
ID-0041,active_directory,acct-act-ID-0041-7cd27b,jennifer.bailey,madison75@example.net,human,Jennifer Bailey
ID-0041,salesforce,acct-sal-ID-0041-bf38e2,jennifer.bailey,madison75@example.net,human,Jennifer Bailey
ID-0042,github,acct-git-ID-0042-f49fc8,brettt29,soniaharmon@example.net,human,Brett Thomas
ID-0042,okta,acct-okt-ID-0042-7b597d,brett.thomas,soniaharmon@example.net,human,Brett Thomas
ID-0042,active_directory,acct-act-ID-0042-273c2e,brett.thomas,soniaharmon@example.net,human,Brett Thomas
ID-0042,salesforce,acct-sal-ID-0042-f8e63b,brett.thomas,soniaharmon@example.net,human,Brett Thomas
ID-0043,active_directory,acct-act-ID-0043-402fce,amber.guerrero,dmcgee@example.net,human,Amber Guerrero
ID-0043,salesforce,acct-sal-ID-0043-72eb4a,amber.guerrero,dmcgee@example.net,human,Amber Guerrero
ID-0044,salesforce,acct-sal-ID-0044-99ea8e,jacob.franklin,wilkinskevin@example.net,human,Jacob Franklin
ID-0044,github,acct-git-ID-0044-4416a3,jacobf47,wilkinskevin@example.net,human,Jacob Franklin
ID-0044,active_directory,acct-act-ID-0044-6ef12b,jacob.franklin,wilkinskevin@example.net,human,Jacob Franklin
ID-0045,github,acct-git-ID-0045-5f3d5c,sarac89,droach@example.org,human,Sara Christensen
ID-0045,active_directory,acct-act-ID-0045-f91b20,sara.christensen,droach@example.org,human,Sara Christensen
ID-0046,github,acct-git-ID-0046-fdbc91,kristyn83,ruth45@example.org,human,Kristy Norton
ID-0046,active_directory,acct-act-ID-0046-efa938,kristy.norton,ruth45@example.org,human,Kristy Norton
ID-0046,salesforce,acct-sal-ID-0046-d27aae,kristy.norton,ruth45@example.org,human,Kristy Norton
ID-0047,okta,acct-okt-ID-0047-abcc7a,alexandra.myers,ronaldhodges@example.org,human,Alexandra Myers
ID-0047,active_directory,acct-act-ID-0047-780614,alexandra.myers,ronaldhodges@example.org,human,Alexandra Myers
ID-0047,aws_iam,acct-aws-ID-0047-3f7b4b,amyers,ronaldhodges@example.org,human,Alexandra Myers
ID-0048,okta,acct-okt-ID-0048-e6338f,anthony.rice,millerjessica@example.net,human,Anthony Rice
ID-0048,salesforce,acct-sal-ID-0048-15ee00,anthony.rice,millerjessica@example.net,human,Anthony Rice
ID-0048,active_directory,acct-act-ID-0048-58f7f3,anthony.rice,millerjessica@example.net,human,Anthony Rice
ID-0048,github,acct-git-ID-0048-361952,anthonyr81,millerjessica@example.net,human,Anthony Rice
ID-0049,salesforce,acct-sal-ID-0049-05beb4,belinda.lynch,karen81@example.org,human,Belinda Lynch
ID-0049,active_directory,acct-act-ID-0049-69e2c8,belinda.lynch,karen81@example.org,human,Belinda Lynch
ID-0049,okta,acct-okt-ID-0049-683deb,belinda.lynch,karen81@example.org,human,Belinda Lynch
ID-0050,github,acct-git-ID-0050-e5f517,sierrar34,fflowers@example.com,human,Sierra Rogers
ID-0050,aws_iam,acct-aws-ID-0050-e27691,srogers,fflowers@example.com,human,Sierra Rogers
ID-0050,active_directory,acct-act-ID-0050-ec5cb2,sierra.rogers,fflowers@example.com,human,Sierra Rogers
ID-0050,okta,acct-okt-ID-0050-99fc5f,sierra.rogers,fflowers@example.com,human,Sierra Rogers
ID-0051,active_directory,acct-act-ID-0051-8d9558,diane.delacruz,clayandrew@example.net,human,Diane Delacruz
ID-0051,okta,acct-okt-ID-0051-2adb32,diane.delacruz,clayandrew@example.net,human,Diane Delacruz
ID-0051,aws_iam,acct-aws-ID-0051-a898a7,ddelacruz,clayandrew@example.net,human,Diane Delacruz
ID-0052,salesforce,acct-sal-ID-0052-8048fa,brandon.stewart,marthagriffin@example.net,human,Brandon Stewart
ID-0052,okta,acct-okt-ID-0052-7e85bf,brandon.stewart,marthagriffin@example.net,human,Brandon Stewart
ID-0053,salesforce,acct-sal-ID-0053-13cb98,jeffrey.mccormick,lmiddleton@example.org,human,Jeffrey Mccormick
ID-0053,active_directory,acct-act-ID-0053-87d86f,jeffrey.mccormick,lmiddleton@example.org,human,Jeffrey Mccormick
ID-0054,okta,acct-okt-ID-0054-cae586,william.potter,burtondiane@example.net,human,William Potter
ID-0054,salesforce,acct-sal-ID-0054-adf16b,william.potter,burtondiane@example.net,human,William Potter
ID-0055,okta,acct-okt-ID-0055-df198e,lucas.martinez,awoodward@example.net,human,Lucas Martinez
ID-0055,github,acct-git-ID-0055-9541d7,lucasm94,awoodward@example.net,human,Lucas Martinez
ID-0055,active_directory,acct-act-ID-0055-272cae,lucas.martinez,awoodward@example.net,human,Lucas Martinez
ID-0055,aws_iam,acct-aws-ID-0055-0a4706,lmartinez,awoodward@example.net,human,Lucas Martinez
ID-0056,github,acct-git-ID-0056-803017,davida48,vsmith@example.org,human,David Allen
ID-0056,salesforce,acct-sal-ID-0056-0d5404,david.allen,vsmith@example.org,human,David Allen
ID-0057,github,acct-git-ID-0057-879193,davidb71,smithsusan@example.net,human,David Berry
ID-0057,aws_iam,acct-aws-ID-0057-a74cb0,dberry,smithsusan@example.net,human,David Berry
ID-0058,aws_iam,acct-aws-ID-0058-3c7dca,msanchez,pparker@example.com,human,Michael Sanchez
ID-0058,okta,acct-okt-ID-0058-9cbb00,michael.sanchez,pparker@example.com,human,Michael Sanchez
ID-0058,github,acct-git-ID-0058-183d4c,michaels90,pparker@example.com,human,Michael Sanchez
ID-0059,okta,acct-okt-ID-0059-12a543,amanda.mckenzie,dwilliams@example.net,human,Amanda Mckenzie
ID-0059,aws_iam,acct-aws-ID-0059-47bdaa,amckenzie,dwilliams@example.net,human,Amanda Mckenzie
ID-0059,active_directory,acct-act-ID-0059-13e61a,amanda.mckenzie,dwilliams@example.net,human,Amanda Mckenzie
ID-0059,github,acct-git-ID-0059-62bab7,amandam93,dwilliams@example.net,human,Amanda Mckenzie
ID-0060,github,acct-git-ID-0060-47862f,justinb30,foleyjennifer@example.org,human,Justin Brown
ID-0060,active_directory,acct-act-ID-0060-0023a2,justin.brown,foleyjennifer@example.org,human,Justin Brown
ID-0060,aws_iam,acct-aws-ID-0060-334aec,jbrown,foleyjennifer@example.org,human,Justin Brown
ID-0061,okta,acct-okt-ID-0061-a217ab,richard.bullock,kevinespinoza@example.org,human,Richard Bullock
ID-0061,aws_iam,acct-aws-ID-0061-617dd7,rbullock,kevinespinoza@example.org,human,Richard Bullock
ID-0061,active_directory,acct-act-ID-0061-865cbb,richard.bullock,kevinespinoza@example.org,human,Richard Bullock
ID-0062,github,acct-git-ID-0062-23b285,donaldg28,wharris@example.com,human,Donald Gonzales
ID-0062,okta,acct-okt-ID-0062-14e17b,donald.gonzales,wharris@example.com,human,Donald Gonzales
ID-0063,aws_iam,acct-aws-ID-0063-8a0eb1,rsanchez,hannahhicks@example.net,human,Richard Sanchez
ID-0063,github,acct-git-ID-0063-862987,richards13,hannahhicks@example.net,human,Richard Sanchez
ID-0063,salesforce,acct-sal-ID-0063-9c5946,richard.sanchez,hannahhicks@example.net,human,Richard Sanchez
ID-0064,github,acct-git-ID-0064-482d9e,adrianc18,john90@example.net,human,Adrian Cook
ID-0064,aws_iam,acct-aws-ID-0064-e86bc2,acook,john90@example.net,human,Adrian Cook
ID-0065,aws_iam,acct-aws-ID-0065-93ce92,ccarter,theresa61@example.com,human,Cynthia Carter
ID-0065,active_directory,acct-act-ID-0065-47a306,cynthia.carter,theresa61@example.com,human,Cynthia Carter
ID-0066,aws_iam,acct-aws-ID-0066-7a0a12,lallen,christophercook@example.com,human,Lori Allen
ID-0066,salesforce,acct-sal-ID-0066-b13251,lori.allen,christophercook@example.com,human,Lori Allen
ID-0066,okta,acct-okt-ID-0066-0d3ba9,lori.allen,christophercook@example.com,human,Lori Allen
ID-0067,aws_iam,acct-aws-ID-0067-f5d5f4,kwilson,wcarroll@example.com,human,Kristy Wilson
ID-0067,salesforce,acct-sal-ID-0067-29cf9c,kristy.wilson,wcarroll@example.com,human,Kristy Wilson
ID-0068,github,acct-git-ID-0068-1d8c21,christinak13,zroberts@example.net,human,Christina Keller
ID-0068,active_directory,acct-act-ID-0068-53f3c5,christina.keller,zroberts@example.net,human,Christina Keller
ID-0069,okta,acct-okt-ID-0069-068c70,melissa.stephens,thomaswhite@example.org,human,Melissa Stephens
ID-0069,aws_iam,acct-aws-ID-0069-fd8e07,mstephens,thomaswhite@example.org,human,Melissa Stephens
ID-0069,active_directory,acct-act-ID-0069-b3d2ff,melissa.stephens,thomaswhite@example.org,human,Melissa Stephens
ID-0070,okta,acct-okt-ID-0070-05f2f0,robert.cooper,pbarajas@example.com,human,Robert Cooper
ID-0070,aws_iam,acct-aws-ID-0070-c52a44,rcooper,pbarajas@example.com,human,Robert Cooper
ID-0070,salesforce,acct-sal-ID-0070-3f50c1,robert.cooper,pbarajas@example.com,human,Robert Cooper
ID-0071,okta,acct-okt-ID-0071-10edbf,lindsay.scott,kennethboyd@example.com,human,Lindsay Scott
ID-0071,active_directory,acct-act-ID-0071-4d815f,lindsay.scott,kennethboyd@example.com,human,Lindsay Scott
ID-0071,github,acct-git-ID-0071-97e3e1,lindsays79,kennethboyd@example.com,human,Lindsay Scott
ID-0071,aws_iam,acct-aws-ID-0071-7d90ae,lscott,kennethboyd@example.com,human,Lindsay Scott
ID-0072,salesforce,acct-sal-ID-0072-694171,yvette.murray,gjones@example.net,human,Yvette Murray
ID-0072,okta,acct-okt-ID-0072-35592f,yvette.murray,gjones@example.net,human,Yvette Murray
ID-0073,active_directory,acct-act-ID-0073-4c3af1,monica.walters,cynthia35@example.net,human,Monica Walters
ID-0073,github,acct-git-ID-0073-8d5ad1,monicaw43,cynthia35@example.net,human,Monica Walters
ID-0074,github,acct-git-ID-0074-129039,tabithaj62,robert40@example.com,human,Tabitha Johnson
ID-0074,aws_iam,acct-aws-ID-0074-f4ae1a,tjohnson,robert40@example.com,human,Tabitha Johnson
ID-0075,github,acct-git-ID-0075-298145,josepht78,taylortina@example.org,human,Joseph Tucker
ID-0075,salesforce,acct-sal-ID-0075-83ba66,joseph.tucker,taylortina@example.org,human,Joseph Tucker
ID-0075,okta,acct-okt-ID-0075-9f1335,joseph.tucker,taylortina@example.org,human,Joseph Tucker
ID-0076,active_directory,acct-act-ID-0076-1d5fe3,monica.baker,robertpeck@example.net,human,Monica Baker
ID-0076,github,acct-git-ID-0076-9720c9,monicab98,robertpeck@example.net,human,Monica Baker
ID-0077,salesforce,acct-sal-ID-0077-5b2d96,kari.hall,erica71@example.net,human,Kari Hall
ID-0077,github,acct-git-ID-0077-b1e7c6,karih73,erica71@example.net,human,Kari Hall
ID-0077,aws_iam,acct-aws-ID-0077-01f86d,khall,erica71@example.net,human,Kari Hall
ID-0077,active_directory,acct-act-ID-0077-82f960,kari.hall,erica71@example.net,human,Kari Hall
ID-0078,salesforce,acct-sal-ID-0078-21da90,barbara.williams,laura09@example.com,human,Barbara Williams
ID-0078,active_directory,acct-act-ID-0078-560bca,barbara.williams,laura09@example.com,human,Barbara Williams
ID-0078,okta,acct-okt-ID-0078-9374ea,barbara.williams,laura09@example.com,human,Barbara Williams
ID-0078,aws_iam,acct-aws-ID-0078-0fb284,bwilliams,laura09@example.com,human,Barbara Williams
ID-0079,github,acct-git-ID-0079-3b64f4,michelles32,smorales@example.net,human,Michelle Sims
ID-0079,okta,acct-okt-ID-0079-2d7fe6,michelle.sims,smorales@example.net,human,Michelle Sims
ID-0080,active_directory,acct-act-ID-0080-9ccbd4,kathryn.ramirez,hudsonglen@example.net,human,Kathryn Ramirez
ID-0080,github,acct-git-ID-0080-d57089,kathrynr68,hudsonglen@example.net,human,Kathryn Ramirez
ID-0080,aws_iam,acct-aws-ID-0080-0be029,kramirez,hudsonglen@example.net,human,Kathryn Ramirez
ID-0081,github,acct-git-ID-0081-e6e501,danielm49,uhubbard@example.com,human,Daniel Mann
ID-0081,okta,acct-okt-ID-0081-cc4ce1,daniel.mann,uhubbard@example.com,human,Daniel Mann
ID-0081,active_directory,acct-act-ID-0081-203378,daniel.mann,uhubbard@example.com,human,Daniel Mann
ID-0081,aws_iam,acct-aws-ID-0081-b24711,dmann,uhubbard@example.com,human,Daniel Mann
ID-0082,active_directory,acct-act-ID-0082-27b2b3,david.adams,amanda72@example.com,human,David Adams
ID-0082,github,acct-git-ID-0082-70a774,davida57,amanda72@example.com,human,David Adams
ID-0083,okta,acct-okt-ID-0083-7f0d2e,susan.galloway,andrewfaulkner@example.net,human,Susan Galloway
ID-0083,active_directory,acct-act-ID-0083-8b1167,susan.galloway,andrewfaulkner@example.net,human,Susan Galloway
ID-0083,salesforce,acct-sal-ID-0083-7a7719,susan.galloway,andrewfaulkner@example.net,human,Susan Galloway
ID-0083,aws_iam,acct-aws-ID-0083-7aa835,sgalloway,andrewfaulkner@example.net,human,Susan Galloway
ID-0084,salesforce,acct-sal-ID-0084-54ef5f,kimberly.cannon,toddmary@example.com,human,Kimberly Cannon
ID-0084,aws_iam,acct-aws-ID-0084-1f35c5,kcannon,toddmary@example.com,human,Kimberly Cannon
ID-0084,github,acct-git-ID-0084-d8b8c5,kimberlyc86,toddmary@example.com,human,Kimberly Cannon
ID-0084,okta,acct-okt-ID-0084-3c1a5c,kimberly.cannon,toddmary@example.com,human,Kimberly Cannon
ID-0085,salesforce,acct-sal-ID-0085-7b585b,william.mills,harrisstacey@example.net,human,William Mills
ID-0085,okta,acct-okt-ID-0085-7b53e0,william.mills,harrisstacey@example.net,human,William Mills
ID-0086,github,acct-git-ID-0086-783a7a,scottb12,hunterjamie@example.com,human,Scott Burgess
ID-0086,salesforce,acct-sal-ID-0086-ddbe14,scott.burgess,hunterjamie@example.com,human,Scott Burgess
ID-0087,active_directory,acct-act-ID-0087-3e6623,kathleen.cole,jessicalewis@example.com,human,Kathleen Cole
ID-0087,github,acct-git-ID-0087-6169f2,kathleenc99,jessicalewis@example.com,human,Kathleen Cole
ID-0087,okta,acct-okt-ID-0087-e36196,kathleen.cole,jessicalewis@example.com,human,Kathleen Cole
ID-0087,salesforce,acct-sal-ID-0087-f76599,kathleen.cole,jessicalewis@example.com,human,Kathleen Cole
ID-0088,aws_iam,acct-aws-ID-0088-24dfe0,crodriguez,clinton09@example.org,human,Cindy Rodriguez
ID-0088,github,acct-git-ID-0088-f99912,cindyr27,clinton09@example.org,human,Cindy Rodriguez
ID-0088,active_directory,acct-act-ID-0088-94ae7c,cindy.rodriguez,clinton09@example.org,human,Cindy Rodriguez
ID-0088,okta,acct-okt-ID-0088-929a4a,cindy.rodriguez,clinton09@example.org,human,Cindy Rodriguez
ID-0089,active_directory,acct-act-ID-0089-c2948f,amy.foster,james60@example.org,human,Amy Foster
ID-0089,github,acct-git-ID-0089-0c63b8,amyf98,james60@example.org,human,Amy Foster
ID-0089,salesforce,acct-sal-ID-0089-d2c9b2,amy.foster,james60@example.org,human,Amy Foster
ID-0090,salesforce,acct-sal-ID-0090-c77ca0,carlos.boone,joseph20@example.com,human,Carlos Boone
ID-0090,okta,acct-okt-ID-0090-b3c42e,carlos.boone,joseph20@example.com,human,Carlos Boone
ID-0091,aws_iam,acct-aws-ID-0091-11ce95,dcole,patriciacarr@example.net,human,Denise Cole
ID-0091,okta,acct-okt-ID-0091-c6bbd1,denise.cole,patriciacarr@example.net,human,Denise Cole
ID-0092,salesforce,acct-sal-ID-0092-4906aa,andrew.zimmerman,adrianchang@example.org,human,Andrew Zimmerman
ID-0092,active_directory,acct-act-ID-0092-851ba0,andrew.zimmerman,adrianchang@example.org,human,Andrew Zimmerman
ID-0093,salesforce,acct-sal-ID-0093-0828f7,cory.lewis,tnorris@example.com,human,Cory Lewis
ID-0093,active_directory,acct-act-ID-0093-9dc35d,cory.lewis,tnorris@example.com,human,Cory Lewis
ID-0093,aws_iam,acct-aws-ID-0093-ae7e5b,clewis,tnorris@example.com,human,Cory Lewis
ID-0094,github,acct-git-ID-0094-41d360,charlesh48,nathan38@example.net,human,Charles Howell
ID-0094,active_directory,acct-act-ID-0094-ce94ad,charles.howell,nathan38@example.net,human,Charles Howell
ID-0094,aws_iam,acct-aws-ID-0094-094f65,chowell,nathan38@example.net,human,Charles Howell
ID-0094,salesforce,acct-sal-ID-0094-0f287b,charles.howell,nathan38@example.net,human,Charles Howell
ID-0095,active_directory,acct-act-ID-0095-585516,amy.owens,corey22@example.com,human,Amy Owens
ID-0095,aws_iam,acct-aws-ID-0095-aa5747,aowens,corey22@example.com,human,Amy Owens
ID-0096,github,acct-git-ID-0096-c9c4b7,michellea63,yhernandez@example.com,human,Michelle Andrews
ID-0096,aws_iam,acct-aws-ID-0096-50998c,mandrews,yhernandez@example.com,human,Michelle Andrews
ID-0096,salesforce,acct-sal-ID-0096-008f67,michelle.andrews,yhernandez@example.com,human,Michelle Andrews
ID-0096,okta,acct-okt-ID-0096-12ff06,michelle.andrews,yhernandez@example.com,human,Michelle Andrews
ID-0097,aws_iam,acct-aws-ID-0097-c969f9,mleon,isaacbrooks@example.com,human,Megan Leon
ID-0097,active_directory,acct-act-ID-0097-02628e,megan.leon,isaacbrooks@example.com,human,Megan Leon
ID-0097,salesforce,acct-sal-ID-0097-b7c4be,megan.leon,isaacbrooks@example.com,human,Megan Leon
ID-0098,okta,acct-okt-ID-0098-233dde,debbie.lewis,keithbaker@example.net,human,Debbie Lewis
ID-0098,aws_iam,acct-aws-ID-0098-c248bd,dlewis,keithbaker@example.net,human,Debbie Lewis
ID-0099,okta,acct-okt-ID-0099-c44deb,brett.lee,igarcia@example.net,human,Brett Lee
ID-0099,aws_iam,acct-aws-ID-0099-6b9f56,blee,igarcia@example.net,human,Brett Lee
ID-0100,github,acct-git-ID-0100-92b54c,patrickw61,gfox@example.net,human,Patrick Williams
ID-0100,salesforce,acct-sal-ID-0100-178657,patrick.williams,gfox@example.net,human,Patrick Williams
ID-0101,github,acct-git-ID-0101-c146f4,deniseb20,hernandezreginald@example.net,human,Denise Brown
ID-0101,active_directory,acct-act-ID-0101-f516dc,denise.brown,hernandezreginald@example.net,human,Denise Brown
ID-0101,okta,acct-okt-ID-0101-4f0784,denise.brown,hernandezreginald@example.net,human,Denise Brown
ID-0102,active_directory,acct-act-ID-0102-52d10a,kimberly.young,kimberlyjohnson@example.com,human,Kimberly Young
ID-0102,salesforce,acct-sal-ID-0102-021810,kimberly.young,kimberlyjohnson@example.com,human,Kimberly Young
ID-0102,github,acct-git-ID-0102-a742de,kimberlyy27,kimberlyjohnson@example.com,human,Kimberly Young
ID-0103,aws_iam,acct-aws-ID-0103-6252d6,mortiz,egriffith@example.net,human,Michael Ortiz
ID-0103,okta,acct-okt-ID-0103-741473,michael.ortiz,egriffith@example.net,human,Michael Ortiz
ID-0104,active_directory,acct-act-ID-0104-19b228,lawrence.brown,smithsteven@example.net,human,Lawrence Brown
ID-0104,github,acct-git-ID-0104-c0c099,lawrenceb68,smithsteven@example.net,human,Lawrence Brown
ID-0104,okta,acct-okt-ID-0104-06e2c9,lawrence.brown,smithsteven@example.net,human,Lawrence Brown
ID-0105,github,acct-git-ID-0105-757eb8,tammyj97,vsanchez@example.net,human,Tammy Johnson
ID-0105,aws_iam,acct-aws-ID-0105-bf9b5f,tjohnson,vsanchez@example.net,human,Tammy Johnson
ID-0105,active_directory,acct-act-ID-0105-77b07a,tammy.johnson,vsanchez@example.net,human,Tammy Johnson
ID-0105,okta,acct-okt-ID-0105-ced31a,tammy.johnson,vsanchez@example.net,human,Tammy Johnson
ID-0106,salesforce,acct-sal-ID-0106-f7e007,jake.osborne,drobinson@example.org,human,Jake Osborne
ID-0106,github,acct-git-ID-0106-aca8c3,jakeo49,drobinson@example.org,human,Jake Osborne
ID-0106,aws_iam,acct-aws-ID-0106-5310a8,josborne,drobinson@example.org,human,Jake Osborne
ID-0106,active_directory,acct-act-ID-0106-bc6f6c,jake.osborne,drobinson@example.org,human,Jake Osborne
ID-0107,active_directory,acct-act-ID-0107-87b2a9,james.hess,fjackson@example.org,human,James Hess
ID-0107,github,acct-git-ID-0107-a96b6e,jamesh76,fjackson@example.org,human,James Hess
ID-0107,okta,acct-okt-ID-0107-3f8708,james.hess,fjackson@example.org,human,James Hess
ID-0108,salesforce,acct-sal-ID-0108-ed5217,diana.simpson,paulthomas@example.org,human,Diana Simpson
ID-0108,github,acct-git-ID-0108-1600a2,dianas32,paulthomas@example.org,human,Diana Simpson
ID-0109,active_directory,acct-act-ID-0109-79fd93,leslie.weeks,davidbrock@example.com,human,Leslie Weeks
ID-0109,github,acct-git-ID-0109-c8eb11,lesliew69,davidbrock@example.com,human,Leslie Weeks
ID-0109,okta,acct-okt-ID-0109-2fb131,leslie.weeks,davidbrock@example.com,human,Leslie Weeks
ID-0109,salesforce,acct-sal-ID-0109-b56774,leslie.weeks,davidbrock@example.com,human,Leslie Weeks
ID-0110,okta,acct-okt-ID-0110-c9b4d8,ashley.payne,julia17@example.org,human,Ashley Payne
ID-0110,github,acct-git-ID-0110-f3f939,ashleyp90,julia17@example.org,human,Ashley Payne
ID-0110,active_directory,acct-act-ID-0110-21213a,ashley.payne,julia17@example.org,human,Ashley Payne
ID-0111,active_directory,acct-act-ID-0111-e633b8,kirk.russell,wellsadam@example.com,human,Kirk Russell
ID-0111,okta,acct-okt-ID-0111-6c6e0f,kirk.russell,wellsadam@example.com,human,Kirk Russell
ID-0111,salesforce,acct-sal-ID-0111-35d231,kirk.russell,wellsadam@example.com,human,Kirk Russell
ID-0111,github,acct-git-ID-0111-7845c1,kirkr45,wellsadam@example.com,human,Kirk Russell
ID-0112,github,acct-git-ID-0112-c59dea,melissaa73,mandymalone@example.com,human,Melissa Arias
ID-0112,salesforce,acct-sal-ID-0112-b4a9bf,melissa.arias,mandymalone@example.com,human,Melissa Arias
ID-0113,aws_iam,acct-aws-ID-0113-e262bc,rthomas,isaiahthomas@example.net,human,Ray Thomas
ID-0113,salesforce,acct-sal-ID-0113-a6dce4,ray.thomas,isaiahthomas@example.net,human,Ray Thomas
ID-0113,okta,acct-okt-ID-0113-5dce47,ray.thomas,isaiahthomas@example.net,human,Ray Thomas
ID-0113,active_directory,acct-act-ID-0113-4c3c65,ray.thomas,isaiahthomas@example.net,human,Ray Thomas
ID-0114,active_directory,acct-act-ID-0114-e03520,donald.oconnor,jasonmatthews@example.org,human,Donald Oconnor
ID-0114,aws_iam,acct-aws-ID-0114-beb203,doconnor,jasonmatthews@example.org,human,Donald Oconnor
ID-0114,github,acct-git-ID-0114-29bdc8,donaldo49,jasonmatthews@example.org,human,Donald Oconnor
ID-0115,active_directory,acct-act-ID-0115-ec18e8,lauren.wells,aguilarkevin@example.com,human,Lauren Wells
ID-0115,okta,acct-okt-ID-0115-6b2141,lauren.wells,aguilarkevin@example.com,human,Lauren Wells
ID-0115,aws_iam,acct-aws-ID-0115-541b96,lwells,aguilarkevin@example.com,human,Lauren Wells
ID-0115,salesforce,acct-sal-ID-0115-f84f8d,lauren.wells,aguilarkevin@example.com,human,Lauren Wells
ID-0116,okta,acct-okt-ID-0116-9fe724,ian.may,nicholasjohnson@example.net,human,Ian May
ID-0116,aws_iam,acct-aws-ID-0116-7219ef,imay,nicholasjohnson@example.net,human,Ian May
ID-0116,github,acct-git-ID-0116-b2785c,ianm17,nicholasjohnson@example.net,human,Ian May
ID-0116,salesforce,acct-sal-ID-0116-bf1fad,ian.may,nicholasjohnson@example.net,human,Ian May
ID-0117,salesforce,acct-sal-ID-0117-a83a63,robert.pearson,leslie32@example.com,human,Robert Pearson
ID-0117,github,acct-git-ID-0117-594668,robertp75,leslie32@example.com,human,Robert Pearson
ID-0117,aws_iam,acct-aws-ID-0117-ea00fe,rpearson,leslie32@example.com,human,Robert Pearson
ID-0117,active_directory,acct-act-ID-0117-e5e1a2,robert.pearson,leslie32@example.com,human,Robert Pearson
ID-0118,active_directory,acct-act-ID-0118-557a60,stacy.wilcox,jennifer02@example.com,human,Stacy Wilcox
ID-0118,okta,acct-okt-ID-0118-2b10a1,stacy.wilcox,jennifer02@example.com,human,Stacy Wilcox
ID-0118,github,acct-git-ID-0118-0254dd,stacyw45,jennifer02@example.com,human,Stacy Wilcox
ID-0118,salesforce,acct-sal-ID-0118-c8c7c6,stacy.wilcox,jennifer02@example.com,human,Stacy Wilcox
ID-0119,active_directory,acct-act-ID-0119-792530,benjamin.rodriguez,breanna51@example.com,human,Benjamin Rodriguez
ID-0119,salesforce,acct-sal-ID-0119-108b12,benjamin.rodriguez,breanna51@example.com,human,Benjamin Rodriguez
ID-0119,github,acct-git-ID-0119-7f3349,benjaminr89,breanna51@example.com,human,Benjamin Rodriguez
ID-0119,aws_iam,acct-aws-ID-0119-430753,brodriguez,breanna51@example.com,human,Benjamin Rodriguez
ID-0120,salesforce,acct-sal-ID-0120-36270f,sandra.davis,floressarah@example.net,human,Sandra Davis
ID-0120,aws_iam,acct-aws-ID-0120-e9c41c,sdavis,floressarah@example.net,human,Sandra Davis
ID-0120,github,acct-git-ID-0120-990159,sandrad52,floressarah@example.net,human,Sandra Davis
ID-0120,active_directory,acct-act-ID-0120-0a5bdd,sandra.davis,floressarah@example.net,human,Sandra Davis
ID-0121,active_directory,acct-act-ID-0121-33231d,justin.obrien,zfernandez@example.net,human,Justin Obrien
ID-0121,salesforce,acct-sal-ID-0121-0cbcb4,justin.obrien,zfernandez@example.net,human,Justin Obrien
ID-0121,okta,acct-okt-ID-0121-8c3493,justin.obrien,zfernandez@example.net,human,Justin Obrien
ID-0122,github,acct-git-ID-0122-87ae04,kylieo89,jscott@example.com,human,Kylie Odonnell
ID-0122,okta,acct-okt-ID-0122-9282b3,kylie.odonnell,jscott@example.com,human,Kylie Odonnell
ID-0122,active_directory,acct-act-ID-0122-284403,kylie.odonnell,jscott@example.com,human,Kylie Odonnell
ID-0123,github,acct-git-ID-0123-8911f5,yvettev54,dmartinez@example.com,human,Yvette Velez
ID-0123,okta,acct-okt-ID-0123-007053,yvette.velez,dmartinez@example.com,human,Yvette Velez
ID-0123,active_directory,acct-act-ID-0123-45ec8e,yvette.velez,dmartinez@example.com,human,Yvette Velez
ID-0123,salesforce,acct-sal-ID-0123-fad9c4,yvette.velez,dmartinez@example.com,human,Yvette Velez
ID-0124,github,acct-git-ID-0124-ccbf7c,karag11,larry40@example.net,human,Kara Gonzales
ID-0124,active_directory,acct-act-ID-0124-20681e,kara.gonzales,larry40@example.net,human,Kara Gonzales
ID-0125,aws_iam,acct-aws-ID-0125-b128de,tharvey,daviladaniel@example.org,human,Travis Harvey
ID-0125,active_directory,acct-act-ID-0125-861e49,travis.harvey,daviladaniel@example.org,human,Travis Harvey
ID-0125,salesforce,acct-sal-ID-0125-7595ed,travis.harvey,daviladaniel@example.org,human,Travis Harvey
ID-0126,aws_iam,acct-aws-ID-0126-31f5e1,rmclaughlin,christopherturner@example.org,human,Richard Mclaughlin
ID-0126,okta,acct-okt-ID-0126-0a103c,richard.mclaughlin,christopherturner@example.org,human,Richard Mclaughlin
ID-0127,github,acct-git-ID-0127-800bac,davidg84,philliphayden@example.net,human,David Gonzalez
ID-0127,salesforce,acct-sal-ID-0127-d20bc6,david.gonzalez,philliphayden@example.net,human,David Gonzalez
ID-0128,aws_iam,acct-aws-ID-0128-f458e9,wnelson,tina48@example.com,human,William Nelson
ID-0128,salesforce,acct-sal-ID-0128-b1f352,william.nelson,tina48@example.com,human,William Nelson
ID-0128,github,acct-git-ID-0128-b8bf08,williamn60,tina48@example.com,human,William Nelson
ID-0129,okta,acct-okt-ID-0129-d9de1d,tammy.ortiz,gordondavid@example.net,human,Tammy Ortiz
ID-0129,salesforce,acct-sal-ID-0129-2417f2,tammy.ortiz,gordondavid@example.net,human,Tammy Ortiz
ID-0129,github,acct-git-ID-0129-4a85aa,tammyo26,gordondavid@example.net,human,Tammy Ortiz
ID-0129,aws_iam,acct-aws-ID-0129-f39ab5,tortiz,gordondavid@example.net,human,Tammy Ortiz
ID-0130,salesforce,acct-sal-ID-0130-7a055a,cameron.jackson,ryan20@example.org,human,Cameron Jackson
ID-0130,github,acct-git-ID-0130-2216e4,cameronj66,ryan20@example.org,human,Cameron Jackson
ID-0131,aws_iam,acct-aws-ID-0131-3d3f52,mhoward,vparks@example.org,human,Michelle Howard
ID-0131,salesforce,acct-sal-ID-0131-795b8b,michelle.howard,vparks@example.org,human,Michelle Howard
ID-0131,active_directory,acct-act-ID-0131-969628,michelle.howard,vparks@example.org,human,Michelle Howard
ID-0131,okta,acct-okt-ID-0131-184259,michelle.howard,vparks@example.org,human,Michelle Howard
ID-0132,okta,acct-okt-ID-0132-fb10ba,bruce.smith,aaron33@example.org,human,Bruce Smith
ID-0132,aws_iam,acct-aws-ID-0132-b8fbfa,bsmith,aaron33@example.org,human,Bruce Smith
ID-0132,github,acct-git-ID-0132-f8db30,bruces72,aaron33@example.org,human,Bruce Smith
ID-0133,salesforce,acct-sal-ID-0133-69d3de,jennifer.powell,swright@example.net,human,Jennifer Powell
ID-0133,okta,acct-okt-ID-0133-f093b7,jennifer.powell,swright@example.net,human,Jennifer Powell
ID-0133,active_directory,acct-act-ID-0133-f7b57a,jennifer.powell,swright@example.net,human,Jennifer Powell
ID-0134,active_directory,acct-act-ID-0134-7d773d,zachary.armstrong,brittneysalazar@example.org,human,Zachary Armstrong
ID-0134,aws_iam,acct-aws-ID-0134-9dba5a,zarmstrong,brittneysalazar@example.org,human,Zachary Armstrong
ID-0134,okta,acct-okt-ID-0134-8aad10,zachary.armstrong,brittneysalazar@example.org,human,Zachary Armstrong
ID-0134,github,acct-git-ID-0134-e2d1ae,zacharya56,brittneysalazar@example.org,human,Zachary Armstrong
ID-0135,salesforce,acct-sal-ID-0135-17b6f3,andrew.friedman,martinezdavid@example.org,human,Andrew Friedman
ID-0135,active_directory,acct-act-ID-0135-64e362,andrew.friedman,martinezdavid@example.org,human,Andrew Friedman
ID-0135,aws_iam,acct-aws-ID-0135-21975f,afriedman,martinezdavid@example.org,human,Andrew Friedman
ID-0135,github,acct-git-ID-0135-e4fdd6,andrewf43,martinezdavid@example.org,human,Andrew Friedman
ID-0136,github,acct-git-ID-0136-014eac,edwiny97,cruzkaren@example.net,human,Edwin Young
ID-0136,okta,acct-okt-ID-0136-ac7e33,edwin.young,cruzkaren@example.net,human,Edwin Young
ID-0136,active_directory,acct-act-ID-0136-e3ed78,edwin.young,cruzkaren@example.net,human,Edwin Young
ID-0136,salesforce,acct-sal-ID-0136-458fb8,edwin.young,cruzkaren@example.net,human,Edwin Young
ID-0137,salesforce,acct-sal-ID-0137-8aa227,marie.nunez,dharris@example.net,human,Marie Nunez
ID-0137,github,acct-git-ID-0137-09997d,marien19,dharris@example.net,human,Marie Nunez
ID-0138,okta,acct-okt-ID-0138-0b0041,paul.weaver,nsingh@example.org,human,Paul Weaver
ID-0138,salesforce,acct-sal-ID-0138-470449,paul.weaver,nsingh@example.org,human,Paul Weaver
ID-0138,github,acct-git-ID-0138-8db8c4,paulw35,nsingh@example.org,human,Paul Weaver
ID-0139,aws_iam,acct-aws-ID-0139-294b50,tscott,kevin18@example.com,human,Timothy Scott
ID-0139,github,acct-git-ID-0139-1eecc6,timothys27,kevin18@example.com,human,Timothy Scott
ID-0140,okta,acct-okt-ID-0140-e86ea0,lisa.compton,billyjohnson@example.net,human,Lisa Compton
ID-0140,active_directory,acct-act-ID-0140-e1915e,lisa.compton,billyjohnson@example.net,human,Lisa Compton
ID-0140,salesforce,acct-sal-ID-0140-742392,lisa.compton,billyjohnson@example.net,human,Lisa Compton
ID-0140,github,acct-git-ID-0140-3a146b,lisac34,billyjohnson@example.net,human,Lisa Compton
ID-0141,okta,acct-okt-ID-0141-c1e4c5,pamela.sharp,gabrielle36@example.org,human,Pamela Sharp
ID-0141,aws_iam,acct-aws-ID-0141-5d591f,psharp,gabrielle36@example.org,human,Pamela Sharp
ID-0141,salesforce,acct-sal-ID-0141-819efe,pamela.sharp,gabrielle36@example.org,human,Pamela Sharp
ID-0141,active_directory,acct-act-ID-0141-9d4bf9,pamela.sharp,gabrielle36@example.org,human,Pamela Sharp
ID-0142,active_directory,acct-act-ID-0142-63d273,alexandra.miller,stephaniemiller@example.org,human,Alexandra Miller
ID-0142,salesforce,acct-sal-ID-0142-b5550f,alexandra.miller,stephaniemiller@example.org,human,Alexandra Miller
ID-0142,github,acct-git-ID-0142-aae179,alexandram89,stephaniemiller@example.org,human,Alexandra Miller
ID-0142,aws_iam,acct-aws-ID-0142-ae10fa,amiller,stephaniemiller@example.org,human,Alexandra Miller
ID-0143,okta,acct-okt-ID-0143-0bb2d7,heather.rivera,batesangela@example.com,human,Heather Rivera
ID-0143,aws_iam,acct-aws-ID-0143-f0d659,hrivera,batesangela@example.com,human,Heather Rivera
ID-0143,github,acct-git-ID-0143-802c91,heatherr28,batesangela@example.com,human,Heather Rivera
ID-0143,salesforce,acct-sal-ID-0143-b23c49,heather.rivera,batesangela@example.com,human,Heather Rivera
ID-0144,aws_iam,acct-aws-ID-0144-eaa61b,esmith,katherinemccarty@example.com,human,Edward Smith
ID-0144,salesforce,acct-sal-ID-0144-cf0cf7,edward.smith,katherinemccarty@example.com,human,Edward Smith
ID-0144,github,acct-git-ID-0144-7e1b79,edwards29,katherinemccarty@example.com,human,Edward Smith
ID-0144,active_directory,acct-act-ID-0144-7f7bd9,edward.smith,katherinemccarty@example.com,human,Edward Smith
ID-0145,aws_iam,acct-aws-ID-0145-1cd2a3,jfarmer,linda01@example.com,human,James Farmer
ID-0145,salesforce,acct-sal-ID-0145-910546,james.farmer,linda01@example.com,human,James Farmer
ID-0145,okta,acct-okt-ID-0145-b8c913,james.farmer,linda01@example.com,human,James Farmer
ID-0145,github,acct-git-ID-0145-ad5d47,jamesf64,linda01@example.com,human,James Farmer
ID-0146,aws_iam,acct-aws-ID-0146-8b45dd,nandrews,robert07@example.com,human,Nicholas Andrews
ID-0146,active_directory,acct-act-ID-0146-d5996d,nicholas.andrews,robert07@example.com,human,Nicholas Andrews
ID-0146,github,acct-git-ID-0146-93bbf6,nicholasa11,robert07@example.com,human,Nicholas Andrews
ID-0146,okta,acct-okt-ID-0146-69daba,nicholas.andrews,robert07@example.com,human,Nicholas Andrews
ID-0147,active_directory,acct-act-ID-0147-d581f0,scott.moran,justin46@example.com,human,Scott Moran
ID-0147,github,acct-git-ID-0147-0ba062,scottm74,justin46@example.com,human,Scott Moran
ID-0147,salesforce,acct-sal-ID-0147-2c2ac4,scott.moran,justin46@example.com,human,Scott Moran
ID-0147,okta,acct-okt-ID-0147-62a0ac,scott.moran,justin46@example.com,human,Scott Moran
ID-0148,aws_iam,acct-aws-ID-0148-ef170c,jpatrick,browndevin@example.net,human,Jennifer Patrick
ID-0148,active_directory,acct-act-ID-0148-dbf2df,jennifer.patrick,browndevin@example.net,human,Jennifer Patrick
ID-0148,github,acct-git-ID-0148-d6942e,jenniferp18,browndevin@example.net,human,Jennifer Patrick
ID-0149,salesforce,acct-sal-ID-0149-fd1f64,denise.palmer,barkeredwin@example.org,human,Denise Palmer
ID-0149,active_directory,acct-act-ID-0149-b90484,denise.palmer,barkeredwin@example.org,human,Denise Palmer
ID-0150,okta,acct-okt-ID-0150-707b43,arthur.reed,tammy26@example.org,human,Arthur Reed
ID-0150,active_directory,acct-act-ID-0150-5301be,arthur.reed,tammy26@example.org,human,Arthur Reed
ID-0150,salesforce,acct-sal-ID-0150-1c8f20,arthur.reed,tammy26@example.org,human,Arthur Reed
ID-0151,github,acct-git-ID-0151-a7d04d,taylorc22,crawfordhaley@example.org,human,Taylor Clarke
ID-0151,okta,acct-okt-ID-0151-2118e0,taylor.clarke,crawfordhaley@example.org,human,Taylor Clarke
ID-0151,active_directory,acct-act-ID-0151-94ab0c,taylor.clarke,crawfordhaley@example.org,human,Taylor Clarke
ID-0152,aws_iam,acct-aws-ID-0152-f29d66,earias,dana36@example.com,human,Ernest Arias
ID-0152,salesforce,acct-sal-ID-0152-756d32,ernest.arias,dana36@example.com,human,Ernest Arias
ID-0153,aws_iam,acct-aws-ID-0153-131101,charvey,wendy00@example.com,human,Christopher Harvey
ID-0153,okta,acct-okt-ID-0153-c19e1c,christopher.harvey,wendy00@example.com,human,Christopher Harvey
ID-0154,github,acct-git-ID-0154-605b85,darrenb46,andrearivera@example.net,human,Darren Barnes
ID-0155,active_directory,acct-act-ID-0155-980834,michael.smith,fullerkristie@example.com,human,Michael Smith
ID-0155,okta,acct-okt-ID-0155-3ef3e6,michael.smith,fullerkristie@example.com,human,Michael Smith
ID-0155,aws_iam,acct-aws-ID-0155-b84753,msmith,fullerkristie@example.com,human,Michael Smith
ID-0156,aws_iam,acct-aws-ID-0156-21f811,sthompson,cwilson@example.org,human,Steven Thompson
ID-0156,salesforce,acct-sal-ID-0156-2df771,steven.thompson,cwilson@example.org,human,Steven Thompson
ID-0157,salesforce,acct-sal-ID-0157-9ae84e,christopher.hoffman,bakerricky@example.org,human,Christopher Hoffman
ID-0157,okta,acct-okt-ID-0157-43acd6,christopher.hoffman,bakerricky@example.org,human,Christopher Hoffman
ID-0158,salesforce,acct-sal-ID-0158-aaf7c3,natasha.solomon,stephenjohnson@example.net,human,Natasha Solomon
ID-0159,aws_iam,acct-aws-ID-0159-7f45f4,vburton,tonyamartinez@example.net,human,Veronica Burton
ID-0160,salesforce,acct-sal-ID-0160-412878,rebecca.potts,belldavid@example.net,human,Rebecca Potts
ID-0161,active_directory,acct-act-ID-0161-210688,jeffrey.briggs,alexander66@example.com,human,Jeffrey Briggs
ID-0161,okta,acct-okt-ID-0161-4c8d8f,jeffrey.briggs,alexander66@example.com,human,Jeffrey Briggs
ID-0162,github,acct-git-ID-0162-356bfe,gregoryt29,larry04@example.net,human,Gregory Thomas
ID-0163,salesforce,acct-sal-ID-0163-05bc86,kevin.bryan,obarnes@example.net,human,Kevin Bryan
ID-0164,salesforce,acct-sal-ID-0164-f44aa7,adam.porter,rodriguezchristopher@example.org,human,Adam Porter
ID-0165,okta,acct-okt-ID-0165-0eb2ee,jordan.bailey,tamaraparker@example.org,human,Jordan Bailey
ID-0165,aws_iam,acct-aws-ID-0165-32875f,jbailey,tamaraparker@example.org,human,Jordan Bailey
ID-0165,salesforce,acct-sal-ID-0165-43b404,jordan.bailey,tamaraparker@example.org,human,Jordan Bailey
ID-0166,aws_iam,acct-aws-ID-0166-6aeded,gbentley,amiller@example.net,human,Gary Bentley
ID-0167,active_directory,acct-act-ID-0167-d2df9b,elizabeth.white,bradydavid@example.com,human,Elizabeth White
ID-0167,aws_iam,acct-aws-ID-0167-cf53ec,ewhite,bradydavid@example.com,human,Elizabeth White
ID-0168,github,acct-git-ID-0168-aaaaa2,melaniep70,ghatfield@example.com,human,Melanie Padilla
ID-0168,active_directory,acct-act-ID-0168-3e08c8,melanie.padilla,ghatfield@example.com,human,Melanie Padilla
ID-0169,okta,acct-okt-ID-0169-f19fbf,stephanie.chase,sdonovan@example.com,human,Stephanie Chase
ID-0169,active_directory,acct-act-ID-0169-a57f9f,stephanie.chase,sdonovan@example.com,human,Stephanie Chase
ID-0169,salesforce,acct-sal-ID-0169-857f42,stephanie.chase,sdonovan@example.com,human,Stephanie Chase
ID-0170,salesforce,acct-sal-ID-0170-1728f6,melissa.ramos,tonya97@example.com,human,Melissa Ramos
ID-0170,active_directory,acct-act-ID-0170-20c619,melissa.ramos,tonya97@example.com,human,Melissa Ramos
ID-0170,github,acct-git-ID-0170-f4c8ea,melissar42,tonya97@example.com,human,Melissa Ramos
ID-0171,salesforce,acct-sal-ID-0171-23e60f,maria.bates,kristy47@example.com,human,Maria Bates
ID-0171,aws_iam,acct-aws-ID-0171-00ebca,mbates,kristy47@example.com,human,Maria Bates
ID-0172,active_directory,acct-act-ID-0172-31bbe6,robert.cantu,fowlermichael@example.org,human,Robert Cantu
ID-0173,okta,acct-okt-ID-0173-235e8f,david.edwards,vincent74@example.org,human,David Edwards
ID-0174,active_directory,acct-act-ID-0174-57b1c7,jessica.koch,lisa40@example.com,human,Jessica Koch
ID-0174,salesforce,acct-sal-ID-0174-2a2a36,jessica.koch,lisa40@example.com,human,Jessica Koch
ID-0175,github,acct-git-ID-0175-52f85f,christopherg62,hkelley@example.org,human,Christopher Gibbs
ID-0175,salesforce,acct-sal-ID-0175-378b87,christopher.gibbs,hkelley@example.org,human,Christopher Gibbs
ID-0176,aws_iam,acct-aws-ID-0176-654caf,kmartin,mbridges@example.net,human,Karen Martin
ID-0176,okta,acct-okt-ID-0176-2593a0,karen.martin,mbridges@example.net,human,Karen Martin
ID-0177,active_directory,acct-act-ID-0177-f3bfc4,donna.hill,bailey20@example.com,human,Donna Hill
ID-0177,salesforce,acct-sal-ID-0177-558f89,donna.hill,bailey20@example.com,human,Donna Hill
ID-0177,okta,acct-okt-ID-0177-5fde78,donna.hill,bailey20@example.com,human,Donna Hill
ID-0178,okta,acct-okt-ID-0178-164f74,ellen.salazar,dawn11@example.org,human,Ellen Salazar
ID-0178,github,acct-git-ID-0178-4eb271,ellens28,dawn11@example.org,human,Ellen Salazar
ID-0179,okta,acct-okt-ID-0179-730cf4,steven.smith,amymiller@example.org,human,Steven Smith
ID-0180,okta,acct-okt-ID-0180-727f16,erica.mccormick,ohall@example.com,human,Erica Mccormick
ID-0181,active_directory,acct-act-ID-0181-9a1b23,brenda.barnes,jenniferrice@example.com,human,Brenda Barnes
ID-0182,aws_iam,acct-aws-ID-0182-6b78eb,mgarcia,kaiserrichard@example.org,human,Michael Garcia
ID-0183,github,acct-git-ID-0183-6bed24,lisaw54,kaiserhunter@example.org,human,Lisa Watson
ID-0183,active_directory,acct-act-ID-0183-e0a51d,lisa.watson,kaiserhunter@example.org,human,Lisa Watson
ID-0184,aws_iam,acct-aws-ID-0184-dd39e9,jroy,dianaramirez@example.net,human,Jacob Roy
ID-0185,okta,acct-okt-ID-0185-00d951,julie.rice,ericksonbrent@example.net,human,Julie Rice
ID-0185,salesforce,acct-sal-ID-0185-f9b44c,julie.rice,ericksonbrent@example.net,human,Julie Rice
ID-0185,active_directory,acct-act-ID-0185-bdaff4,julie.rice,ericksonbrent@example.net,human,Julie Rice
ID-0186,github,acct-git-ID-0186-ec9d66,craigb99,colonjohn@example.org,human,Craig Blair
ID-0187,active_directory,acct-act-ID-0187-3f91f4,frank.key,dbrown@example.org,human,Frank Key
ID-0188,okta,acct-okt-ID-0188-be59df,cindy.gaines,danielgriffin@example.net,human,Cindy Gaines
ID-0189,active_directory,acct-act-ID-0189-6f98d9,shawna.clark,millerlindsey@example.org,human,Shawna Clark
ID-0190,github,acct-git-ID-0190-699da3,karenc18,pli@example.org,human,Karen Crawford
ID-0190,okta,acct-okt-ID-0190-677543,karen.crawford,pli@example.org,human,Karen Crawford
ID-0191,github,acct-git-ID-0191-d9d8a8,angelaw38,lawrencesteven@example.net,human,Angela Williams
ID-0191,okta,acct-okt-ID-0191-eb4a87,angela.williams,lawrencesteven@example.net,human,Angela Williams
ID-0191,aws_iam,acct-aws-ID-0191-65c086,awilliams,lawrencesteven@example.net,human,Angela Williams
ID-0192,aws_iam,acct-aws-ID-0192-0f85c2,kcase,wilkersonkatherine@example.org,human,Kathleen Case
ID-0192,okta,acct-okt-ID-0192-c1a601,kathleen.case,wilkersonkatherine@example.org,human,Kathleen Case
ID-0193,github,acct-git-ID-0193-3857ee,deborahb52,bowenjonathan@example.net,human,Deborah Bruce
ID-0193,active_directory,acct-act-ID-0193-75515e,deborah.bruce,bowenjonathan@example.net,human,Deborah Bruce
ID-0193,salesforce,acct-sal-ID-0193-61dc95,deborah.bruce,bowenjonathan@example.net,human,Deborah Bruce
ID-0194,github,acct-git-ID-0194-20c674,samanthaf57,vunderwood@example.com,human,Samantha Fuller
ID-0194,aws_iam,acct-aws-ID-0194-4e305f,sfuller,vunderwood@example.com,human,Samantha Fuller
ID-0194,salesforce,acct-sal-ID-0194-606883,samantha.fuller,vunderwood@example.com,human,Samantha Fuller
ID-0195,salesforce,acct-sal-ID-0195-9daf6b,matthew.martin,harrissamuel@example.org,human,Matthew Martin
ID-0195,github,acct-git-ID-0195-89a3e8,matthewm88,harrissamuel@example.org,human,Matthew Martin
ID-0196,okta,acct-okt-ID-0196-17b830,allison.camacho,johnsonsandra@example.net,human,Allison Camacho
ID-0196,active_directory,acct-act-ID-0196-a91a9a,allison.camacho,johnsonsandra@example.net,human,Allison Camacho
ID-0196,salesforce,acct-sal-ID-0196-fceb7c,allison.camacho,johnsonsandra@example.net,human,Allison Camacho
ID-0197,github,acct-git-ID-0197-a3d9ca,devinm70,amills@example.com,human,Devin Mcdonald
ID-0197,aws_iam,acct-aws-ID-0197-dcb86a,dmcdonald,amills@example.com,human,Devin Mcdonald
ID-0198,active_directory,acct-act-ID-0198-87d177,daniel.johnson,espinozataylor@example.com,human,Daniel Johnson
ID-0198,github,acct-git-ID-0198-185004,danielj47,espinozataylor@example.com,human,Daniel Johnson
ID-0198,salesforce,acct-sal-ID-0198-9f6e5d,daniel.johnson,espinozataylor@example.com,human,Daniel Johnson
ID-0199,salesforce,acct-sal-ID-0199-04bb5f,david.harris,maxwelltheodore@example.org,human,David Harris
ID-0199,okta,acct-okt-ID-0199-eb65a5,david.harris,maxwelltheodore@example.org,human,David Harris
ID-0200,active_directory,acct-act-ID-0200-8b1d9a,amanda.washington,fking@example.org,human,Amanda Washington
ID-0200,okta,acct-okt-ID-0200-c40d53,amanda.washington,fking@example.org,human,Amanda Washington
ID-0200,salesforce,acct-sal-ID-0200-866d26,amanda.washington,fking@example.org,human,Amanda Washington
ID-0201,active_directory,acct-act-ID-0201-1c3933,michelle.yoder,billyjohns@example.net,human,Michelle Yoder
ID-0201,aws_iam,acct-aws-ID-0201-a89162,myoder,billyjohns@example.net,human,Michelle Yoder
ID-0202,github,acct-git-ID-0202-b461ad,emilym54,whitejustin@example.org,human,Emily Moran
ID-0202,salesforce,acct-sal-ID-0202-0f1150,emily.moran,whitejustin@example.org,human,Emily Moran
ID-0202,okta,acct-okt-ID-0202-ac74ca,emily.moran,whitejustin@example.org,human,Emily Moran
ID-0203,salesforce,acct-sal-ID-0203-89e684,alexis.curtis,kristen78@example.org,human,Alexis Curtis
ID-0203,github,acct-git-ID-0203-72ce0f,alexisc79,kristen78@example.org,human,Alexis Curtis
ID-0204,okta,acct-okt-ID-0204-fdd036,tamara.martin,james23@example.com,human,Tamara Martin
ID-0204,github,acct-git-ID-0204-976d57,tamaram43,james23@example.com,human,Tamara Martin
ID-0204,aws_iam,acct-aws-ID-0204-b3bce9,tmartin,james23@example.com,human,Tamara Martin
ID-0205,active_directory,acct-act-ID-0205-d2ddf6,carrie.hines,myersbenjamin@example.com,human,Carrie Hines
ID-0205,okta,acct-okt-ID-0205-e3dc72,carrie.hines,myersbenjamin@example.com,human,Carrie Hines
ID-0205,salesforce,acct-sal-ID-0205-de2fe7,carrie.hines,myersbenjamin@example.com,human,Carrie Hines
ID-0206,github,acct-git-ID-0206-dbd423,thomasp22,melanie46@example.net,human,Thomas Price
ID-0207,salesforce,acct-sal-ID-0207-2a7da1,samuel.vaughn,wfleming@example.org,human,Samuel Vaughn
ID-0207,github,acct-git-ID-0207-925f21,samuelv43,wfleming@example.org,human,Samuel Vaughn
ID-0208,active_directory,acct-act-ID-0208-e59c9a,heidi.ayers,belindahaas@example.com,human,Heidi Ayers
ID-0209,okta,acct-okt-ID-0209-312a48,mary.kline,christopherbrown@example.org,human,Mary Kline
ID-0210,aws_iam,acct-aws-ID-0210-d4355f,jcox,paulsmith@example.org,human,Jeff Cox
ID-0211,aws_iam,acct-aws-ID-0211-c42526,jneal,patricia24@example.org,human,Jacqueline Neal
ID-0212,okta,acct-okt-ID-0212-d8f6a1,wesley.robinson,beckyroberts@example.com,human,Wesley Robinson
ID-0212,salesforce,acct-sal-ID-0212-e935d9,wesley.robinson,beckyroberts@example.com,human,Wesley Robinson
ID-0213,github,acct-git-ID-0213-2014b5,carolinep20,turnerdaniel@example.com,human,Caroline Pacheco
ID-0213,aws_iam,acct-aws-ID-0213-a97efd,cpacheco,turnerdaniel@example.com,human,Caroline Pacheco
ID-0213,salesforce,acct-sal-ID-0213-2c67c2,caroline.pacheco,turnerdaniel@example.com,human,Caroline Pacheco
ID-0214,salesforce,acct-sal-ID-0214-5f333f,craig.buck,stewartjeremy@example.org,human,Craig Buck
ID-0214,okta,acct-okt-ID-0214-5f5f19,craig.buck,stewartjeremy@example.org,human,Craig Buck
ID-0214,aws_iam,acct-aws-ID-0214-7ef4b3,cbuck,stewartjeremy@example.org,human,Craig Buck
ID-0215,okta,acct-okt-ID-0215-da73ca,andrea.price,xalvarez@example.net,human,Andrea Price
ID-0216,okta,acct-okt-ID-0216-8630c3,mindy.mendez,richard33@example.net,human,Mindy Mendez
ID-0216,active_directory,acct-act-ID-0216-cd9d5a,mindy.mendez,richard33@example.net,human,Mindy Mendez
ID-0216,github,acct-git-ID-0216-6344b6,mindym14,richard33@example.net,human,Mindy Mendez
ID-0217,okta,acct-okt-ID-0217-aee987,aaron.smith,jesse81@example.org,human,Aaron Smith
ID-0218,okta,acct-okt-ID-0218-c88759,robert.mack,gilmorejoshua@example.com,human,Robert Mack
ID-0218,github,acct-git-ID-0218-8ed9bc,robertm38,gilmorejoshua@example.com,human,Robert Mack
ID-0218,salesforce,acct-sal-ID-0218-226e6f,robert.mack,gilmorejoshua@example.com,human,Robert Mack
ID-0219,active_directory,acct-act-ID-0219-6045bb,kristin.foley,tracywilkins@example.net,human,Kristin Foley
ID-0219,aws_iam,acct-aws-ID-0219-8f4b96,kfoley,tracywilkins@example.net,human,Kristin Foley
ID-0220,okta,acct-okt-ID-0220-2db3e5,manuel.hubbard,floresjohn@example.com,human,Manuel Hubbard
ID-0220,active_directory,acct-act-ID-0220-59844d,manuel.hubbard,floresjohn@example.com,human,Manuel Hubbard
ID-0220,aws_iam,acct-aws-ID-0220-c715aa,mhubbard,floresjohn@example.com,human,Manuel Hubbard
ID-0221,aws_iam,acct-aws-ID-0221-228d92,rrivera,taylorkaylee@example.com,human,Rebecca Rivera
ID-0222,okta,acct-okt-ID-0222-b04c2a,tyler.garcia,andersonbrittany@example.net,human,Tyler Garcia
ID-0222,salesforce,acct-sal-ID-0222-3d7259,tyler.garcia,andersonbrittany@example.net,human,Tyler Garcia
ID-0223,github,acct-git-ID-0223-84b91a,lisam72,jordan60@example.net,human,Lisa Murray
ID-0223,active_directory,acct-act-ID-0223-57482d,lisa.murray,jordan60@example.net,human,Lisa Murray
ID-0224,aws_iam,acct-aws-ID-0224-82601a,kgraham,jessicasmith@example.com,human,Kristin Graham
ID-0224,salesforce,acct-sal-ID-0224-143488,kristin.graham,jessicasmith@example.com,human,Kristin Graham
ID-0224,okta,acct-okt-ID-0224-1d5a06,kristin.graham,jessicasmith@example.com,human,Kristin Graham
ID-0225,github,acct-git-ID-0225-ca6f7e,donaldh68,kelsey67@example.com,human,Donald Howard
ID-0225,salesforce,acct-sal-ID-0225-1f3dea,donald.howard,kelsey67@example.com,human,Donald Howard
ID-0225,okta,acct-okt-ID-0225-7485d0,donald.howard,kelsey67@example.com,human,Donald Howard
ID-0226,github,acct-git-ID-0226-5b4d56,brucep18,dgarcia@example.org,human,Bruce Porter
ID-0226,okta,acct-okt-ID-0226-b99963,bruce.porter,dgarcia@example.org,human,Bruce Porter
ID-0227,github,acct-git-ID-0227-a36976,timothyc77,wardlinda@example.net,human,Timothy Cooley
ID-0228,aws_iam,acct-aws-ID-0228-ac7a20,cstewart,timothysharp@example.org,human,Connor Stewart
ID-0229,salesforce,acct-sal-ID-0229-1181b6,kenneth.jones,alyssaparsons@example.com,human,Kenneth Jones
ID-0229,aws_iam,acct-aws-ID-0229-025c0d,kjones,alyssaparsons@example.com,human,Kenneth Jones
ID-0229,active_directory,acct-act-ID-0229-71d19c,kenneth.jones,alyssaparsons@example.com,human,Kenneth Jones
ID-0230,github,acct-git-ID-0230-2aa693,herbertw44,wesley57@example.net,human,Herbert Williams
ID-0230,active_directory,acct-act-ID-0230-64a4e3,herbert.williams,wesley57@example.net,human,Herbert Williams
ID-0231,active_directory,acct-act-ID-0231-dda334,gina.powell,martintownsend@example.com,human,Gina Powell
ID-0232,github,acct-git-ID-0232-427397,marys57,patricialopez@example.net,human,Mary Shea
ID-0232,okta,acct-okt-ID-0232-203150,mary.shea,patricialopez@example.net,human,Mary Shea
ID-0232,active_directory,acct-act-ID-0232-d23c1c,mary.shea,patricialopez@example.net,human,Mary Shea
ID-0233,okta,acct-okt-ID-0233-427b62,alex.delgado,qbutler@example.org,human,Alex Delgado
ID-0233,salesforce,acct-sal-ID-0233-a2b860,alex.delgado,qbutler@example.org,human,Alex Delgado
ID-0234,github,acct-git-ID-0234-372fc1,sonyah67,jvega@example.com,human,Sonya Heath
ID-0234,active_directory,acct-act-ID-0234-44a1af,sonya.heath,jvega@example.com,human,Sonya Heath
ID-0235,okta,acct-okt-ID-0235-9b8da4,tammy.morales,sherryclark@example.net,human,Tammy Morales
ID-0235,salesforce,acct-sal-ID-0235-7309df,tammy.morales,sherryclark@example.net,human,Tammy Morales
ID-0235,active_directory,acct-act-ID-0235-6baf01,tammy.morales,sherryclark@example.net,human,Tammy Morales
ID-0236,github,acct-git-ID-0236-af3709,davidb84,wholt@example.net,human,David Barry
ID-0237,active_directory,acct-act-ID-0237-944a20,brett.huang,ebowen@example.net,human,Brett Huang
ID-0237,salesforce,acct-sal-ID-0237-e16ffd,brett.huang,ebowen@example.net,human,Brett Huang
ID-0237,aws_iam,acct-aws-ID-0237-2ea4d7,bhuang,ebowen@example.net,human,Brett Huang
ID-0238,github,acct-git-ID-0238-19b81a,victoriag62,salinaszachary@example.net,human,Victoria Garza
ID-0238,okta,acct-okt-ID-0238-f3c814,victoria.garza,salinaszachary@example.net,human,Victoria Garza
ID-0238,salesforce,acct-sal-ID-0238-e535b5,victoria.garza,salinaszachary@example.net,human,Victoria Garza
ID-0239,salesforce,acct-sal-ID-0239-b84849,kimberly.green,gregorybenson@example.com,human,Kimberly Green
ID-0239,aws_iam,acct-aws-ID-0239-4eab16,kgreen,gregorybenson@example.com,human,Kimberly Green
ID-0239,active_directory,acct-act-ID-0239-33c3d3,kimberly.green,gregorybenson@example.com,human,Kimberly Green
ID-0240,aws_iam,acct-aws-ID-0240-08a165,tlane,kristina89@example.org,human,Thomas Lane
ID-0240,github,acct-git-ID-0240-f7b7b5,thomasl64,kristina89@example.org,human,Thomas Lane
ID-0241,okta,acct-okt-ID-0241-bb8823,roy.scott,kruegermark@example.com,human,Roy Scott
ID-0242,github,acct-git-ID-0242-703b9d,marcc89,edwardserin@example.net,human,Marc Cole
ID-0242,salesforce,acct-sal-ID-0242-64a3eb,marc.cole,edwardserin@example.net,human,Marc Cole
ID-0243,active_directory,acct-act-ID-0243-c71af0,jennifer.cooper,dporter@example.com,human,Jennifer Cooper
ID-0244,okta,acct-okt-ID-0244-6c5441,michelle.allen,samueljones@example.net,human,Michelle Allen
ID-0244,aws_iam,acct-aws-ID-0244-b675df,mallen,samueljones@example.net,human,Michelle Allen
ID-0245,aws_iam,acct-aws-ID-0245-0e37af,mbrady,dylan27@example.org,human,Michelle Brady
ID-0245,salesforce,acct-sal-ID-0245-dfa7de,michelle.brady,dylan27@example.org,human,Michelle Brady
ID-0245,github,acct-git-ID-0245-6374aa,michelleb29,dylan27@example.org,human,Michelle Brady
ID-0246,salesforce,acct-sal-ID-0246-3920f1,jasmin.thompson,stanleyclark@example.org,human,Jasmin Thompson
ID-0246,active_directory,acct-act-ID-0246-54d54f,jasmin.thompson,stanleyclark@example.org,human,Jasmin Thompson
ID-0247,salesforce,acct-sal-ID-0247-dce276,mary.greer,timothyrodriguez@example.org,human,Mary Greer
ID-0248,salesforce,acct-sal-ID-0248-873b1b,daniel.martin,hsimmons@example.com,human,Daniel Martin
ID-0248,okta,acct-okt-ID-0248-1bb224,daniel.martin,hsimmons@example.com,human,Daniel Martin
ID-0248,github,acct-git-ID-0248-709815,danielm51,hsimmons@example.com,human,Daniel Martin
ID-0249,active_directory,acct-act-ID-0249-1d2e80,keith.hood,eric85@example.org,human,Keith Hood
ID-0249,aws_iam,acct-aws-ID-0249-d2fc9f,khood,eric85@example.org,human,Keith Hood
ID-0249,github,acct-git-ID-0249-469f39,keithh16,eric85@example.org,human,Keith Hood
ID-0250,github,acct-git-ID-0250-bfb614,nicholasc23,oray@example.org,human,Nicholas Case
ID-0250,okta,acct-okt-ID-0250-ed6fb7,nicholas.case,oray@example.org,human,Nicholas Case
ID-0251,salesforce,acct-sal-ID-0251-ec69cc,breanna.drake,amoses@example.org,human,Breanna Drake
ID-0251,active_directory,acct-act-ID-0251-6afe16,breanna.drake,amoses@example.org,human,Breanna Drake
ID-0252,salesforce,acct-sal-ID-0252-b33fe7,wanda.riggs,anthonywhite@example.com,human,Wanda Riggs
ID-0252,active_directory,acct-act-ID-0252-c23c70,wanda.riggs,anthonywhite@example.com,human,Wanda Riggs
ID-0253,aws_iam,acct-aws-ID-0253-0d8a28,jsanders,davistiffany@example.com,human,Jack Sanders
ID-0253,okta,acct-okt-ID-0253-d930ff,jack.sanders,davistiffany@example.com,human,Jack Sanders
ID-0253,salesforce,acct-sal-ID-0253-57cf27,jack.sanders,davistiffany@example.com,human,Jack Sanders
ID-0254,github,acct-git-ID-0254-a22172,amyo67,dpoole@example.com,human,Amy Oneill
ID-0255,github,acct-git-ID-0255-5cfc77,sandrad21,wmarshall@example.org,human,Sandra Drake
ID-0255,salesforce,acct-sal-ID-0255-76f5e7,sandra.drake,wmarshall@example.org,human,Sandra Drake
ID-0256,salesforce,acct-sal-ID-0256-ef5cfd,pamela.jennings,rossjames@example.org,human,Pamela Jennings
ID-0256,aws_iam,acct-aws-ID-0256-eab018,pjennings,rossjames@example.org,human,Pamela Jennings
ID-0257,active_directory,acct-act-ID-0257-3845ec,robert.ellis,carterjames@example.org,human,Robert Ellis
ID-0257,github,acct-git-ID-0257-62484f,roberte37,carterjames@example.org,human,Robert Ellis
ID-0257,okta,acct-okt-ID-0257-5be816,robert.ellis,carterjames@example.org,human,Robert Ellis
ID-0258,active_directory,acct-act-ID-0258-fd823d,melissa.roy,sabrina69@example.org,human,Melissa Roy
ID-0258,aws_iam,acct-aws-ID-0258-4bc44d,mroy,sabrina69@example.org,human,Melissa Roy
ID-0259,github,acct-git-ID-0259-ac31a1,ryana76,rmoore@example.com,human,Ryan Allen
ID-0259,salesforce,acct-sal-ID-0259-0cbeeb,ryan.allen,rmoore@example.com,human,Ryan Allen
ID-0260,okta,acct-okt-ID-0260-abac77,judith.avila,fernandezsusan@example.org,human,Judith Avila
ID-0260,github,acct-git-ID-0260-a784e1,juditha36,fernandezsusan@example.org,human,Judith Avila
ID-0261,okta,acct-okt-ID-0261-d7fc33,jessica.roth,jordan25@example.net,human,Jessica Roth
ID-0262,aws_iam,acct-aws-ID-0262-98ebbe,cmartinez,daniel93@example.net,human,Cassandra Martinez
ID-0262,github,acct-git-ID-0262-69dc0b,cassandram77,daniel93@example.net,human,Cassandra Martinez
ID-0263,github,acct-git-ID-0263-098a43,michellem90,vickiesnyder@example.net,human,Michelle Moore
ID-0264,salesforce,acct-sal-ID-0264-6f736c,brandon.proctor,shortjeffrey@example.net,human,Brandon Proctor
ID-0264,github,acct-git-ID-0264-100922,brandonp29,shortjeffrey@example.net,human,Brandon Proctor
ID-0265,okta,acct-okt-ID-0265-2b2da2,robert.foster,bbrown@example.net,human,Robert Foster
ID-0266,salesforce,acct-sal-ID-0266-0a704c,deanna.kelly,madison72@example.net,human,Deanna Kelly
ID-0267,aws_iam,acct-aws-ID-0267-a2bb93,cbrooks,briannabaker@example.net,human,Courtney Brooks
ID-0267,okta,acct-okt-ID-0267-4b8241,courtney.brooks,briannabaker@example.net,human,Courtney Brooks
ID-0268,aws_iam,acct-aws-ID-0268-e1c177,rcabrera,gsharp@example.net,human,Ryan Cabrera
ID-0268,github,acct-git-ID-0268-562001,ryanc43,gsharp@example.net,human,Ryan Cabrera
ID-0269,salesforce,acct-sal-ID-0269-d98c0b,meghan.smith,xgoodman@example.com,human,Meghan Smith
ID-0269,okta,acct-okt-ID-0269-2fcd76,meghan.smith,xgoodman@example.com,human,Meghan Smith
ID-0270,okta,acct-okt-ID-0270-42e771,annette.kirby,gardnerelizabeth@example.org,human,Annette Kirby
ID-0270,aws_iam,acct-aws-ID-0270-32a611,akirby,gardnerelizabeth@example.org,human,Annette Kirby
ID-0270,github,acct-git-ID-0270-784f7e,annettek79,gardnerelizabeth@example.org,human,Annette Kirby
ID-0271,aws_iam,acct-aws-ID-0271-9e947a,rfrank,brookemartin@example.org,human,Rebecca Frank
ID-0271,salesforce,acct-sal-ID-0271-8b5c2d,rebecca.frank,brookemartin@example.org,human,Rebecca Frank
ID-0272,active_directory,acct-act-ID-0272-739d43,joshua.daniels,nicole39@example.org,human,Joshua Daniels
ID-0272,salesforce,acct-sal-ID-0272-45afff,joshua.daniels,nicole39@example.org,human,Joshua Daniels
ID-0272,okta,acct-okt-ID-0272-4af385,joshua.daniels,nicole39@example.org,human,Joshua Daniels
ID-0273,okta,acct-okt-ID-0273-0be4cc,michael.lee,richardsglenn@example.org,human,Michael Lee
ID-0273,salesforce,acct-sal-ID-0273-48e294,michael.lee,richardsglenn@example.org,human,Michael Lee
ID-0273,aws_iam,acct-aws-ID-0273-658828,mlee,richardsglenn@example.org,human,Michael Lee
ID-0274,active_directory,acct-act-ID-0274-7c5155,michael.williams,glennbernard@example.org,human,Michael Williams
ID-0274,salesforce,acct-sal-ID-0274-0664ce,michael.williams,glennbernard@example.org,human,Michael Williams
ID-0275,salesforce,acct-sal-ID-0275-195996,daniel.dyer,rebecca55@example.org,human,Daniel Dyer
ID-0276,salesforce,acct-sal-ID-0276-28739f,felicia.johnson,veronicacampbell@example.net,human,Felicia Johnson
ID-0276,okta,acct-okt-ID-0276-3117a6,felicia.johnson,veronicacampbell@example.net,human,Felicia Johnson
ID-0277,okta,acct-okt-ID-0277-89c1c0,justin.logan,jcarpenter@example.net,human,Justin Logan
ID-0278,salesforce,acct-sal-ID-0278-73e44e,kelly.sanchez,karisanchez@example.org,human,Kelly Sanchez
ID-0279,okta,acct-okt-ID-0279-0f8183,anthony.elliott,brittanyanderson@example.net,human,Anthony Elliott
ID-0280,github,acct-git-ID-0280-06f45f,karend48,daviddecker@example.com,human,Karen Davis
ID-0281,aws_iam,acct-aws-ID-0281-5c903b,pvelez,wallacemathew@example.net,human,Philip Velez
ID-0281,active_directory,acct-act-ID-0281-f47454,philip.velez,wallacemathew@example.net,human,Philip Velez
ID-0282,github,acct-git-ID-0282-e99da3,tammym19,stephaniewilson@example.org,human,Tammy Morales
ID-0283,active_directory,acct-act-ID-0283-b29253,joshua.jones,castillokyle@example.com,human,Joshua Jones
ID-0283,salesforce,acct-sal-ID-0283-075969,joshua.jones,castillokyle@example.com,human,Joshua Jones
ID-0283,github,acct-git-ID-0283-8fc33c,joshuaj87,castillokyle@example.com,human,Joshua Jones
ID-0284,okta,acct-okt-ID-0284-d42f34,danielle.knight,cruzcaitlin@example.com,human,Danielle Knight
ID-0284,aws_iam,acct-aws-ID-0284-29b29b,dknight,cruzcaitlin@example.com,human,Danielle Knight
ID-0284,salesforce,acct-sal-ID-0284-08726d,danielle.knight,cruzcaitlin@example.com,human,Danielle Knight
ID-0285,salesforce,acct-sal-ID-0285-9f436d,brenda.white,ypeterson@example.org,human,Brenda White
ID-0285,aws_iam,acct-aws-ID-0285-56182e,bwhite,ypeterson@example.org,human,Brenda White
ID-0285,github,acct-git-ID-0285-386a52,brendaw21,ypeterson@example.org,human,Brenda White
ID-0286,github,acct-git-ID-0286-7f776d,timothyh92,ojones@example.org,human,Timothy Hall
ID-0286,active_directory,acct-act-ID-0286-a9d96a,timothy.hall,ojones@example.org,human,Timothy Hall
ID-0287,active_directory,acct-act-ID-0287-b95b36,thomas.hernandez,banderson@example.com,human,Thomas Hernandez
ID-0287,salesforce,acct-sal-ID-0287-2a6785,thomas.hernandez,banderson@example.com,human,Thomas Hernandez
ID-0287,aws_iam,acct-aws-ID-0287-13af58,thernandez,banderson@example.com,human,Thomas Hernandez
ID-0288,okta,acct-okt-ID-0288-a461ff,jacqueline.zamora,gking@example.org,human,Jacqueline Zamora
ID-0288,active_directory,acct-act-ID-0288-2f6951,jacqueline.zamora,gking@example.org,human,Jacqueline Zamora
ID-0289,aws_iam,acct-aws-ID-0289-f07e23,aduncan,zmartinez@example.org,human,Anthony Duncan
ID-0289,okta,acct-okt-ID-0289-d43c3c,anthony.duncan,zmartinez@example.org,human,Anthony Duncan
ID-0290,aws_iam,acct-aws-ID-0290-0d9030,ltaylor,donnasuarez@example.com,human,Leslie Taylor
ID-0291,aws_iam,acct-aws-ID-0291-c3f28d,mhall,leejanet@example.org,human,Michael Hall
ID-0291,salesforce,acct-sal-ID-0291-599e83,michael.hall,leejanet@example.org,human,Michael Hall
ID-0292,aws_iam,acct-aws-ID-0292-270353,jingram,michael51@example.com,human,Jason Ingram
ID-0293,github,acct-git-ID-0293-11a6e4,elizabethw86,perkinsdaniel@example.org,human,Elizabeth Williams
ID-0293,okta,acct-okt-ID-0293-8a05d7,elizabeth.williams,perkinsdaniel@example.org,human,Elizabeth Williams
ID-0294,github,acct-git-ID-0294-a3eb0d,danag71,lwashington@example.com,human,Dana Green
ID-0294,active_directory,acct-act-ID-0294-5ca9ca,dana.green,lwashington@example.com,human,Dana Green
ID-0295,github,acct-git-ID-0295-7c27f2,ericd81,nicholasfigueroa@example.org,human,Eric Davis
ID-0295,okta,acct-okt-ID-0295-f0b28b,eric.davis,nicholasfigueroa@example.org,human,Eric Davis
ID-0295,salesforce,acct-sal-ID-0295-b9ac6d,eric.davis,nicholasfigueroa@example.org,human,Eric Davis
ID-0296,aws_iam,acct-aws-ID-0296-2d89ba,mhuynh,jeanking@example.net,human,Manuel Huynh
ID-0297,github,acct-git-ID-0297-aa8ed5,kevind98,garzajill@example.org,human,Kevin Daniels
ID-0297,active_directory,acct-act-ID-0297-d7af0e,kevin.daniels,garzajill@example.org,human,Kevin Daniels
ID-0297,aws_iam,acct-aws-ID-0297-5fbbfc,kdaniels,garzajill@example.org,human,Kevin Daniels
ID-0298,aws_iam,acct-aws-ID-0298-799340,pandrews,fwilliams@example.net,human,Patrick Andrews
ID-0299,salesforce,acct-sal-ID-0299-d36d30,brittany.grant,nicoletodd@example.net,human,Brittany Grant
ID-0299,aws_iam,acct-aws-ID-0299-543656,bgrant,nicoletodd@example.net,human,Brittany Grant
ID-0299,github,acct-git-ID-0299-7cfc5f,brittanyg16,nicoletodd@example.net,human,Brittany Grant
SVC-0000,github,acct-git-SVC-0000-cd6c08,svc-health-beyond,svc-health-beyond@service.internal,service,svc-health-beyond
SVC-0001,aws_iam,acct-aws-SVC-0001-fb8363,svc-help-turn,svc-help-turn@service.internal,service,svc-help-turn
SVC-0002,salesforce,acct-sal-SVC-0002-fe37fa,svc-prepare-yes,svc-prepare-yes@service.internal,service,svc-prepare-yes
SVC-0003,salesforce,acct-sal-SVC-0003-21cc66,svc-art-company,svc-art-company@service.internal,service,svc-art-company
SVC-0004,active_directory,acct-act-SVC-0004-081ea6,svc-grow-manage,svc-grow-manage@service.internal,service,svc-grow-manage
SVC-0005,active_directory,acct-act-SVC-0005-c2ad05,svc-sense-occur,svc-sense-occur@service.internal,service,svc-sense-occur
SVC-0006,aws_iam,acct-aws-SVC-0006-4cf67a,svc-reduce-figure,svc-reduce-figure@service.internal,service,svc-reduce-figure
SVC-0007,github,acct-git-SVC-0007-9d3cba,svc-lead-face,svc-lead-face@service.internal,service,svc-lead-face
SVC-0008,github,acct-git-SVC-0008-e1aba4,svc-art-use,svc-art-use@service.internal,service,svc-art-use
SVC-0009,github,acct-git-SVC-0009-212016,svc-nature-goal,svc-nature-goal@service.internal,service,svc-nature-goal
SVC-0010,salesforce,acct-sal-SVC-0010-7ec451,svc-provide-most,svc-provide-most@service.internal,service,svc-provide-most
SVC-0011,salesforce,acct-sal-SVC-0011-d1c35d,svc-stock-still,svc-stock-still@service.internal,service,svc-stock-still
SVC-0012,okta,acct-okt-SVC-0012-fb36e2,svc-her-simple,svc-her-simple@service.internal,service,svc-her-simple
SVC-0013,github,acct-git-SVC-0013-a0f7d6,svc-new-nice,svc-new-nice@service.internal,service,svc-new-nice
SVC-0014,github,acct-git-SVC-0014-24ce23,svc-dark-themselves,svc-dark-themselves@service.internal,service,svc-dark-themselves
SVC-0015,okta,acct-okt-SVC-0015-bdea05,svc-single-number,svc-single-number@service.internal,service,svc-single-number
SVC-0016,okta,acct-okt-SVC-0016-0c96c4,svc-Congress-stage,svc-Congress-stage@service.internal,service,svc-Congress-stage
SVC-0017,salesforce,acct-sal-SVC-0017-620ae8,svc-full-scene,svc-full-scene@service.internal,service,svc-full-scene
SVC-0018,aws_iam,acct-aws-SVC-0018-cb45f4,svc-leave-see,svc-leave-see@service.internal,service,svc-leave-see
SVC-0019,aws_iam,acct-aws-SVC-0019-b7b9b7,svc-student-mean,svc-student-mean@service.internal,service,svc-student-mean
SVC-0020,okta,acct-okt-SVC-0020-4b379d,svc-central-interview,svc-central-interview@service.internal,service,svc-central-interview
SVC-0021,okta,acct-okt-SVC-0021-39433a,svc-story-consider,svc-story-consider@service.internal,service,svc-story-consider
SVC-0022,github,acct-git-SVC-0022-022956,svc-affect-sister,svc-affect-sister@service.internal,service,svc-affect-sister
SVC-0023,okta,acct-okt-SVC-0023-8ab018,svc-movie-exactly,svc-movie-exactly@service.internal,service,svc-movie-exactly
SVC-0024,salesforce,acct-sal-SVC-0024-d5ad14,svc-information-meet,svc-information-meet@service.internal,service,svc-information-meet
SVC-0025,github,acct-git-SVC-0025-d9ef69,svc-car-reason,svc-car-reason@service.internal,service,svc-car-reason
SVC-0026,active_directory,acct-act-SVC-0026-654e71,svc-pattern-start,svc-pattern-start@service.internal,service,svc-pattern-start
SVC-0027,active_directory,acct-act-SVC-0027-196674,svc-concern-him,svc-concern-him@service.internal,service,svc-concern-him
SVC-0028,okta,acct-okt-SVC-0028-19cd9a,svc-focus-window,svc-focus-window@service.internal,service,svc-focus-window
SVC-0029,active_directory,acct-act-SVC-0029-4290af,svc-direction-training,svc-direction-training@service.internal,service,svc-direction-training
SVC-0030,salesforce,acct-sal-SVC-0030-8382aa,svc-state-public,svc-state-public@service.internal,service,svc-state-public
SVC-0031,github,acct-git-SVC-0031-e6690b,svc-two-from,svc-two-from@service.internal,service,svc-two-from
SVC-0032,github,acct-git-SVC-0032-9301c5,svc-since-hour,svc-since-hour@service.internal,service,svc-since-hour
SVC-0033,active_directory,acct-act-SVC-0033-2db5ed,svc-be-stock,svc-be-stock@service.internal,service,svc-be-stock
SVC-0034,salesforce,acct-sal-SVC-0034-9ea672,svc-pay-including,svc-pay-including@service.internal,service,svc-pay-including
SVC-0035,okta,acct-okt-SVC-0035-7373fd,svc-concern-one,svc-concern-one@service.internal,service,svc-concern-one
SVC-0036,salesforce,acct-sal-SVC-0036-54e34b,svc-cold-consider,svc-cold-consider@service.internal,service,svc-cold-consider
SVC-0037,active_directory,acct-act-SVC-0037-025083,svc-cover-true,svc-cover-true@service.internal,service,svc-cover-true
SVC-0038,aws_iam,acct-aws-SVC-0038-3e2d76,svc-hard-across,svc-hard-across@service.internal,service,svc-hard-across
SVC-0039,active_directory,acct-act-SVC-0039-d6a142,svc-someone-born,svc-someone-born@service.internal,service,svc-someone-born
SVC-0040,github,acct-git-SVC-0040-381780,svc-none-cover,svc-none-cover@service.internal,service,svc-none-cover
SVC-0041,github,acct-git-SVC-0041-748f1d,svc-head-shoulder,svc-head-shoulder@service.internal,service,svc-head-shoulder
SVC-0042,github,acct-git-SVC-0042-82c412,svc-stuff-record,svc-stuff-record@service.internal,service,svc-stuff-record
SVC-0043,active_directory,acct-act-SVC-0043-5a081a,svc-world-prove,svc-world-prove@service.internal,service,svc-world-prove
SVC-0044,salesforce,acct-sal-SVC-0044-bd7121,svc-into-concern,svc-into-concern@service.internal,service,svc-into-concern
SVC-0045,github,acct-git-SVC-0045-8aa438,svc-sometimes-use,svc-sometimes-use@service.internal,service,svc-sometimes-use
SVC-0046,github,acct-git-SVC-0046-b9ba4e,svc-first-likely,svc-first-likely@service.internal,service,svc-first-likely
SVC-0047,salesforce,acct-sal-SVC-0047-430425,svc-consider-old,svc-consider-old@service.internal,service,svc-consider-old
SVC-0048,github,acct-git-SVC-0048-02cad1,svc-its-current,svc-its-current@service.internal,service,svc-its-current
SVC-0049,okta,acct-okt-SVC-0049-f88909,svc-perform-soon,svc-perform-soon@service.internal,service,svc-perform-soon
EXT-0000,okta,acct-okt-EXT-0000-d2f26c,robertsashley,laurasanchez@example.com,external,Christopher Smith
EXT-0001,github,acct-git-EXT-0001-2a78d0,taylorraymond,sfoster@example.com,external,Rachel Jacobs
EXT-0002,salesforce,acct-sal-EXT-0002-b255b0,carlhuff,mccartymichael@example.org,external,Ronald Cooper
EXT-0003,okta,acct-okt-EXT-0003-59ef38,johnhines,williamskathleen@example.net,external,Alicia Hall
EXT-0004,salesforce,acct-sal-EXT-0004-dda493,sphelps,ldavis@example.org,external,Cassandra Martin
EXT-0005,okta,acct-okt-EXT-0005-c467ba,hcampbell,stevenhopkins@example.com,external,Vincent Huynh
EXT-0006,github,acct-git-EXT-0006-370cd1,tcampbell,wellsryan@example.org,external,Nicole Guerra
EXT-0007,okta,acct-okt-EXT-0007-56ded6,bdavis,jeremy23@example.com,external,Teresa Smith
EXT-0008,okta,acct-okt-EXT-0008-46a8ef,smithsharon,tonyamercado@example.com,external,Shannon Nunez
EXT-0009,okta,acct-okt-EXT-0009-a30d4d,pricejoshua,mevans@example.net,external,Diane Davis
EXT-0010,okta,acct-okt-EXT-0010-511c4c,emills,ewhite@example.net,external,Audrey Curry
EXT-0011,okta,acct-okt-EXT-0011-d3722e,hector04,ntrevino@example.com,external,Stephanie Goodwin
EXT-0012,github,acct-git-EXT-0012-b73360,hufftroy,craig87@example.org,external,Rhonda Kennedy
EXT-0013,okta,acct-okt-EXT-0013-d68684,seanadams,blakejackson@example.net,external,Chelsea Evans
EXT-0014,github,acct-git-EXT-0014-1089df,carmstrong,michael53@example.net,external,Randy Jackson
EXT-0015,salesforce,acct-sal-EXT-0015-51f62c,robertbradley,kendra53@example.com,external,Yolanda Martin
EXT-0016,salesforce,acct-sal-EXT-0016-47dd51,krauseaaron,rgross@example.org,external,John Gonzalez
EXT-0017,salesforce,acct-sal-EXT-0017-52fef0,pbarber,timothy42@example.org,external,Jonathan Rogers
EXT-0018,github,acct-git-EXT-0018-0c5b31,greenronald,perkinsjeffrey@example.net,external,Kevin Smith
EXT-0019,github,acct-git-EXT-0019-a51b60,joshua70,carterstanley@example.net,external,Ryan Reid
